time,seconds_elapsed,altitude,speedAccuracy,bearingAccuracy,latitude,altitudeAboveMeanSeaLevel,bearing,horizontalAccuracy,verticalAccuracy,longitude,speed
1790521809000429800,-0.648570068359375,123.96315001696348,1.2702412387886426,7.9851620895799575,57.63980601401616,113.37314986437559,65.4641369906319,4.021414054975323,3.7283343438972016,39.89006659406896,12.889590019687436
1790521810000447200,0.351447265625,124.09264361485839,1.2683771769630063,8.056144279680908,57.63985074614503,113.5026434622705,65.81323206740569,6.281571226849597,5.578560384757719,39.89026657839718,12.757297922935505
1790521811000464000,1.3514638671875,124.17567282821983,1.2678616470108104,8.223609006810237,57.63989540343262,113.58567267563194,65.70143796756773,7.232494234626935,6.205448514015611,39.89045292902454,12.492356036969708
1790521812000481000,2.35148095703125,124.22680958546698,1.272156370235366,8.44552542936836,57.63993499476248,113.63680943287909,65.5841293334961,8.645709311174251,7.181863613660473,39.89063425830985,12.205332307750446
1790521813000498200,3.351498291015625,124.5342553993687,1.2712927823049869,8.598859843534852,57.63997719879983,113.94425524678081,65.49729919433594,7.115197807071815,5.797529716850017,39.89081294479001,11.979586862546817
1790521814000515600,4.351515625,124.69356335978955,1.2715879768435547,8.590919337546325,57.64002497864936,114.10356320720166,65.49729919433594,4.645201687786992,3.7749881447318923,39.89099863486938,11.993442633470789
1790521815000532200,5.3515322265625,124.80234599020332,1.270483835814194,8.483009557944085,57.64006888889584,114.21234583761543,65.49729919433594,3.4101700929667045,3,39.89117731842091,12.135458705016601
1790521816000548900,6.351548828125,125.01157838013023,1.27290055382035,8.344304239016704,57.64011341526362,114.42157822754234,65.49729919433594,2.903854756390174,3,39.89136765684669,12.360645995329184
1790521817000566500,7.35156640625,124.81385980546474,1.2784039533851685,8.311176580203071,57.64015974943283,114.22385965287685,65.57020568847656,2.467956967151718,3,39.89155610213986,12.463587626281194
1790521818000583700,8.351583740234375,124.83431587088853,1.2788181931783897,8.340375628032747,57.64020362202859,114.24431571830064,65.57020568847656,2.235951672881833,3,39.89175290053592,12.423953671942142
1790521819000600300,9.351600341796875,124.80538805853575,1.2720165108063202,8.19200459561424,57.64025308777692,114.21538790594786,65.57020568847656,2.127288409873885,3,39.891947839699725,12.581724612594535
1790521820000617500,10.351617431640625,124.62568487320095,1.2856925968407849,8.357466466781064,57.640298015262104,114.03568472061306,65.57020568847656,2.162916967054839,3,39.89213978975834,12.465222995964687
1790521821000634000,11.351634033203124,124.83062758203596,1.2723429274472973,8.440019337754576,57.64034120435584,114.24062742944807,65.57020568847656,2.3554811489538734,3,39.892321305043616,12.215130106877332
1790521822000651800,12.35165185546875,124.69279430992901,1.2726791056133788,8.550363332489324,57.64038967885085,114.10279415734112,65.57020568847656,2.792398251307449,3,39.89250056372053,12.060681785335095
1790521823000669000,13.3516689453125,124.77076695393771,1.2844509466131486,8.740669597780835,57.640432574053406,114.18076680134982,65.57020568847656,2.4268670369685528,3,39.892675827363995,11.907213565180642
1790521824000685600,14.351685546875,124.93417812418193,0.9120746521563232,7.258494048330002,57.64047912164866,114.34417797159404,65.57020568847656,3.066735828412259,3.4534842518877453,39.8928572250701,11.935279008769502
1790521825000703000,15.351702880859374,125.06761426478624,0.9132446115788346,7.258538676391447,57.640523998684166,114.47761411219835,65.57020568847656,2.6777989775135156,3.055356288930822,39.89304497067625,12.140021116972603
1790521826000720100,16.35172021484375,124.7901481082663,0.916786494701869,7.258967948780837,57.64057058624096,114.2001479556784,65.57020568847656,2.7487834727668576,3.077767721641327,39.893231167373386,12.285446282336517
1790521827000736500,17.351736572265626,124.91348559688777,0.9161933860389554,7.258815538075122,57.64061470869632,114.32348544429988,65.57020568847656,3.143605271218871,3.4921699152922874,39.89341696760863,12.30309843748099
1790521828000753400,18.35175341796875,124.77548469882458,0.9185795422432372,7.258957986489018,57.640657917553874,114.1854845462367,65.57020568847656,2.70103102019797,3,39.89360228209488,12.17489276018882
1790521829000770000,19.35177001953125,124.63082524668425,0.9206597390984917,7.258931610001305,57.640702057076396,114.04082509409636,65.57020568847656,3.02733505152379,3.3378361169308906,39.89378600561142,12.114803837804475
1790521830000786700,20.35178662109375,124.55613260902464,0.9163782184853959,7.258973925803604,57.64074630047859,113.96613245643675,65.57020568847656,2.8687405145357823,3.123466254387183,39.89397101536979,12.166871017669083
1790521831000803800,21.351803955078125,124.53587367665023,0.924260186968522,7.258974265295783,57.64078754694025,113.94587352406234,65.57020568847656,2.8697572514471656,3.1611506544796155,39.89415313904448,12.065206011982264
1790521832000820700,22.35182080078125,124.13726228754967,0.9299830236866402,7.258251305644245,57.64083296405648,113.54726213496178,65.57020568847656,2.753386173570823,3,39.89433943865239,12.1389944300328
1790521833000836900,23.3518369140625,124.10995355527848,0.9131968583099579,7.258370408782104,57.640879560309976,113.51995340269059,65.57941436767578,2.6869400669528005,3,39.894528980355645,12.306444701105313
1790521834000854000,24.35185400390625,124.13703963533044,0.9134097830228655,7.258761687646015,57.640926476963664,113.54703948274255,65.57941436767578,2.355371879716137,3,39.89471541759257,12.360564921754397
1790521835000870700,25.35187060546875,124.46587728057057,0.917874997110398,7.258717330777848,57.640971165497085,113.87587712798268,65.57941436767578,2.396264736142813,3,39.894903174311125,12.3415898450016
1790521836000887800,26.3518876953125,124.41903671063483,0.9177302626139583,7.2589303596191375,57.64101634288747,113.82903655804694,65.57941436767578,2.2056793948020172,3,39.89508479815229,12.186923450083178
1790521837000904700,27.35190478515625,124.2491594646126,0.9174230265026766,7.25892327157934,57.64106222498302,113.65915931202471,65.57941436767578,2.106760262935666,3,39.895275471518026,12.380629457282975
1790521838000921600,28.351921630859376,124.15959946904331,0.9371052921412701,7.2588099894155675,57.641107184758745,113.56959931645542,65.57941436767578,2.0549867108752484,3,39.89546536825256,12.403642914627696
1790521839000938500,29.3519384765625,123.78527277242392,0.9251971637034427,7.258163236167835,57.64115289984929,113.19527261983603,65.57941436767578,2.0281141191232632,3,39.895654462331954,12.325269154218981
1790521840000956400,30.351956298828124,123.89699743594974,0.9204814473775335,7.258912352961027,57.64119864827666,113.30699728336185,65.57941436767578,2.0146167867226072,3,39.895836003682184,12.149936846569306
1790521841000972500,31.35197265625,123.88638884015381,0.9228008448438825,7.258964714547433,57.641247082321875,113.29638868756592,65.57941436767578,2.118872584379241,3,39.896026729969904,12.36781709830195
1790521842000993300,32.3519931640625,123.52875251602381,0.9126561676939179,7.258732077123371,57.64129487296213,112.93875236343592,65.57941436767578,2.2453472235248175,3,39.8962130301397,12.404532054183164
1790521843001007000,33.352007080078124,123.1367158247158,0.9238478077412215,7.257875561356925,57.64134062711285,112.5467156721279,65.57941436767578,2.126152269830997,3,39.8964053672628,12.512713791701668
1790521844001024300,34.352024169921876,123.42753192503005,0.9227351862902444,7.258966061527859,57.64138992588006,112.83753177244216,65.57941436767578,2.1269981648279344,3,39.89660140350096,12.703499211826983
1790521845001041400,35.35204150390625,123.18166573159397,0.9144405725784813,7.2588593312811795,57.64143924855548,112.59166557900608,65.57941436767578,2.1303410903513194,3,39.896799950744246,12.882047032554222
1790521846001058300,36.35205834960937,122.82326885871589,0.9153556812553434,7.258263726796346,57.641487569587895,112.233268706128,65.55722045898438,2.0651378722147022,3,39.896998569992874,12.94774126030065
1790521847001074700,37.35207470703125,122.75581675674766,0.9094365019344754,7.258572984435487,57.64153775657021,112.16581660415977,65.55722045898438,2.0326519490023056,3,39.89719210325969,12.876949273375908
1790521848001092900,38.3520927734375,122.831060458906,0.9128862624965799,7.258887530930193,57.64158571942513,112.2410603063181,65.55722045898438,2.3438136407015624,3,39.897385290070105,12.759513238056075
1790521849001109500,39.35210961914063,123.19225263036788,0.908776281874183,7.258856247650726,57.6416305549519,112.60225247777998,65.55722045898438,2.17411670669315,3,39.89757973403496,12.669603706014746
1790521850001126700,40.35212670898437,123.16988844051957,0.915494135335381,7.258972812531031,57.64167568803054,112.57988828793168,65.55722045898438,2.089522883304993,3,39.89776499983259,12.409261005916399
1790521851001143000,41.35214306640625,123.12342473305762,0.9144186705631001,7.258914710836083,57.64172296251862,112.53342458046973,65.55722045898438,2.0462728114112845,3,39.89794682637952,12.203987143989188
1790521852001160700,42.35216064453125,123.19719284866005,0.9170650027958409,7.25897396512011,57.641768720598535,112.60719269607216,65.55722045898438,2.0335875014765303,3,39.89813002196032,12.045789585241636
1790521853001177900,43.352177734375,122.84155067708343,0.9152274508182655,7.258464311870386,57.64181500497752,112.25155052449554,65.55722045898438,2.1884068659501645,3,39.89830938805961,11.94360081797247
1790521854001195000,44.35219506835937,122.23620373569429,0.7195171248693014,7.256659937815898,57.64186027919264,111.6462035831064,65.55722045898438,2.099561383107294,3,39.8984839542351,11.738112770924698
1790521855001211600,45.35221166992188,122.42058572173119,0.7034927937660774,7.2583449636024735,57.641903023295015,111.8305855691433,65.55722045898438,2.053736981571545,3,39.89866341156879,11.730522454292842
1790521856001229300,46.352229248046875,122.19853182137012,0.6998023560272205,7.258056009011654,57.64194588601339,111.60853166878223,65.55722045898438,2.0284934278320317,3,39.89884258833594,11.703463193329961
1790521857001245700,47.35224560546875,121.88642544019967,0.7058725913861508,7.2565215295348455,57.64198887404116,111.29642528761178,65.55722045898438,2.0152198043290506,3,39.899018489820016,11.646314938825743
1790521858001262800,48.35226293945313,121.83869180548936,0.7168782515693902,7.258092171185333,57.64203436655817,111.24869165290147,65.55722045898438,2.2187682841822984,3,39.8992012259181,11.850548279812672
1790521859001280000,49.35228002929688,121.06260734051466,0.7072954385404809,7.253487700108605,57.64207989345451,110.47260718792677,65.55722045898438,2.1153020992959295,3,39.899379390903086,11.815167955644114
1790521860001297700,50.352297607421875,121.15454456210136,0.7065196001185201,7.257374444336119,57.642122523087316,110.56454440951347,65.55722045898438,2.148018201533556,3,39.89956273865309,11.871211075370255
1790521861001314600,51.352314453125,120.9399289721623,0.698819911411303,7.25716750470684,57.64216553541054,110.34992881957442,65.55722045898438,2.5567047400600904,3.1376718826435757,39.89974836550426,11.981933215993877
1790521862001332200,52.35233227539062,120.3805737439543,0.697796939812746,7.254986216076652,57.642210143332754,109.79057359136641,65.64661407470703,2.415558464041622,3,39.89992873374657,11.878185766046657
1790521863001348900,53.35234887695312,120.27430271357298,0.6991956637629517,7.2562936644172575,57.64225561628577,109.68430256098509,65.64661407470703,2.218508359674422,3,39.90010984384814,11.879922856590365
1790521864001365800,54.35236572265625,119.79129375051707,0.6946437483392125,7.255490050180649,57.64230215130691,109.20129359792918,65.64661407470703,2.2242953477157057,3,39.9002933094804,11.990989567072722
1790521865001383400,55.35238354492188,119.52592084277421,0.712162381828004,7.256324093997584,57.64234714105152,108.93592069018632,65.05858612060547,2.1178986146260548,3,39.90047594779741,12.045358451277208
1790521866001400800,56.35240087890625,118.80691131018102,0.7037384032014934,7.2529510599881135,57.64239194704919,108.21691115759313,65.05858612060547,2.48318228922902,3.1262092432789372,39.90065787086969,12.056227760447292
1790521867001418200,57.352418212890626,118.99186867289245,0.7009905587840526,7.257467608176785,57.64243488244844,108.40186852030456,65.30371856689453,2.7323194168606886,3.43319238084963,39.90084690254678,12.18558606730749
1790521868001435000,58.352434814453126,118.60760767571628,0.6922578072391432,7.255737425345472,57.64248051366889,108.01760752312839,65.30072021484375,2.884906452705096,3.645573134009012,39.90103541111534,12.250972230762772
1790521869001452300,59.35245239257812,118.21853290777653,0.6900167477176191,7.255008601089682,57.64252759933444,107.62853275518864,63.18644714355469,2.4590999505435196,3.089529902838683,39.901219202456915,12.244779202625216
1790521870001469200,60.35246923828125,117.94065853580832,0.6856116410526738,7.255154929761818,57.64257814304639,107.35065838322043,63.77121353149414,2.6016960797625073,3.309752111191862,39.90140985985439,12.373514780582447
1790521871001486300,61.352486328125,117.28638103045523,0.6902451485020799,7.249963832855422,57.642630041670785,106.69638087786734,61.711875915527344,2.306614771374461,3,39.90159880195136,12.487831617059346
1790521872001503500,62.35250341796875,116.47162255179137,0.7007696303431606,7.247937942980633,57.64268637606858,105.88162239920348,61.131500244140625,2.6666086277460557,3.3057145421925016,39.90178053027736,12.60465481290595
1790521873001521200,63.352521240234374,115.64377622120082,0.6980430009067219,7.251472284905155,57.642746490357446,105.05377606861293,58.070072174072266,2.3389347077772316,3,39.90196619298399,12.848802730647305
1790521874001537800,64.35253784179687,114.61802910920233,0.6909481834459594,7.2495455591123585,57.64281364517964,104.02802895661443,58.89566421508789,2.2787951111654654,3,39.90214715856706,13.056963532229338
1790521875001554400,65.35255444335938,113.69016088638455,0.7145096903686478,7.250122292470277,57.642881173410466,103.10016073379666,54.24305725097656,2.137649083974419,3,39.902333535841585,13.25315227847824
1790521876001572000,66.35257202148438,112.84381061140448,0.7053188657363383,7.249446528785378,57.64295185621773,102.25381045881659,51.285423278808594,2.1302453040961478,3,39.902520976527605,13.495647249537216
1790521877001589800,67.35258984375,112.34058117866516,0.7101627424328325,7.2525670768400925,57.64302555320654,101.75058102607727,50.91554260253906,2.791719146656636,3.239332336364333,39.90269688109109,13.48085600073897
1790521878001607000,68.35260693359375,111.16466714907438,0.6835241369920857,7.24696663394925,57.64310666661104,100.57466699648649,49.36915969848633,2.6058063859225755,3,39.90287735875107,13.93378991239234
1790521879001624600,69.35262451171874,110.13111424259841,0.7092607063912558,7.245428742004822,57.64318748041849,99.54111409001052,49.36915969848633,2.2920531863057656,3,39.90305639467385,14.075736822354713
1790521880001641200,70.35264111328125,109.63092583231628,0.6830701728157091,7.250597035377769,57.64326743452488,99.04092567972839,49.359474182128906,2.695291395574803,3,39.903237724057206,14.060580595512649
1790521881001658000,71.352658203125,109.52515338733792,0.6830396682724958,7.255949306469949,57.64335322244549,98.93515323475003,49.359474182128906,2.3279907888546263,3,39.90342169857444,14.418354115950983
1790521882001675000,72.35267504882812,108.64815693721175,0.6820969512490399,7.2516608784452625,57.64343703791266,98.05815678462386,49.67218017578125,2.7427494093756324,3,39.903599443261086,14.313303749967
1790521883001692700,73.35269262695313,108.11079178005457,0.6790766457973527,7.2540523872710825,57.64352278183611,97.52079162746668,49.359683990478516,2.5628865566276726,3,39.903781211131424,14.412681614430735
1790521884001709600,74.35270947265624,107.19142303615808,0.683350169831416,7.250685801475799,57.64360869062447,96.6014228835702,49.533138275146484,2.2644927541107536,3,39.903965090740286,14.509403961458563
1790521885001727200,75.35272729492188,106.52409760281444,0.6847918102221932,7.2520869565581565,57.64368965215892,95.93409745022655,49.102108001708984,2.123212369919707,3,39.90414156993397,14.000558706443737
1790521886001744400,76.35274438476563,106.26312233414501,0.6841187582265192,7.253670834896053,57.643771056370156,95.67312218155712,49.0886116027832,2.0588242020440894,3,39.90431710822428,13.927192647885155
1790521887001761000,77.35276098632812,105.89074655342847,0.6874332392751293,7.254042216956299,57.643853459727346,95.30074640084058,49.0886116027832,2.0467382587402403,3,39.904492014347085,13.921708066146168
1790521888001778200,78.35277807617187,105.35627358872443,0.6893270826362874,7.253005653976696,57.643934819711674,94.76627343613654,49.20672607421875,2.670328525802707,3,39.90466548233637,13.73173907957886
1790521889001795800,79.3527958984375,104.76555044949055,0.6900863833989863,7.2532915378356675,57.64401254104721,94.17555029690266,48.95903396606445,2.398159270777395,3,39.90483174566443,13.332509109354685
1790521890001812500,80.3528125,104.33525479305536,0.6860303437167447,7.255043115414292,57.6440888546564,93.74525464046746,50.87546920776367,2.3994900201695146,3,39.9049902639489,12.968909449381254
1790521891001830400,81.35283032226563,103.99393522180617,0.6992786322917302,7.256004526648764,57.64416270620816,93.40393506921828,50.477264404296875,2.1989481160824003,3,39.90516108466233,13.04819843760655
1790521892001847600,82.35284765625,103.70761501975358,0.6913366624590378,7.256668852584396,57.64423416633865,93.11761486716568,50.7477912902832,2.1721770262256137,3,39.905333715541296,13.021927522813641
1790521893001865000,83.35286499023438,103.12968810368329,0.6907304883070488,7.255812041233158,57.644299114394585,92.5396879510954,60.76964569091797,2.086372135474723,3,39.90550788875304,12.75873896528206
1790521894001882000,84.35288208007813,103.18113229330629,0.6886169927316169,7.258299992062815,57.64435919396739,92.5911321407184,60.76964569091797,2.04381477747863,3,39.905683588522116,12.517336690357805
1790521895001899500,85.3528994140625,103.21836554445326,0.6978238615483174,7.258726605334548,57.644410973735134,92.62836539186537,60.76964569091797,2.022462680645195,3,39.90586428948934,12.246479566716232
1790521896001916000,86.352916015625,103.28454156965017,0.6900247851502058,7.258638100385652,57.644453182624524,92.69454141706228,60.76964569091797,2.3213110489851174,3,39.906051183175386,12.082756990556723
1790521897001933600,87.35293359375,103.16624868661165,0.6955678579444851,7.258426020522258,57.64447990358577,92.57624853402376,62.3691291809082,2.167676126318534,3,39.90624169703615,11.73244226592423
1790521898001951200,88.352951171875,103.77426230255514,0.6995804324299776,7.2580423407085055,57.64449936368109,93.18426214996725,82.70191955566406,2.0886443072424536,3,39.90643407284271,11.554964230477989
1790521899001967600,89.35296752929688,104.28418132662773,0.7192692596998794,7.255834824805577,57.64450940640796,93.69418117403984,88.81514739990234,2.367591945906487,3,39.90661553893172,11.079399372912548
1790521900001985500,90.35298559570313,104.31357187405229,0.7118798892577797,7.257087499506856,57.64451146448864,93.7235717214644,91.16214752197266,2.2881790572866434,3,39.90678662265333,10.528792284573363
1790521900999196400,91.35019653320313,104.35098372679204,0.7034229434844108,7.257919561378661,57.644506598249784,93.76098357420415,90.85767364501953,2.329658369077643,3,39.90694419805055,9.847407830233951
1790521901999190300,92.35019018554688,104.51650793850422,0.695066923667986,7.256557559837449,57.6445017790392,93.92650778591633,94.27400207519531,2.6256570828877552,3,39.90708170187985,8.71116675647376
1790521902999216000,93.35021606445312,104.41636144928634,0.7029141437751536,7.25846150129527,57.644491286643714,93.82636129669845,94.27400207519531,2.585405509629286,3,39.90720572854477,7.881192599921132
1790521903999218000,94.35021801757813,104.79036122653633,0.7032636860659754,8.208988449732962,57.644487514900746,94.20036107394844,94.27400207519531,2.4072009462396875,3,39.907314799047974,6.940197450168559
1790521904999236000,95.35023608398437,104.6873698271811,0.7320632106278774,9.890191521974163,57.644479215835105,94.09736967459321,94.27400207519531,2.2973480445161885,3,39.90740650201825,5.997462696557376
1790521905999270000,96.35026977539063,104.68467033095658,0.7197866090352405,11.385496825389474,57.64447418377821,94.09467017836869,94.27400207519531,2.339758582974984,3,39.90748662906525,5.122606647376133
1790521906999263500,97.35026342773438,104.68310465011746,0.7203010694420593,12.842946486150277,57.644469882636635,94.09310449752957,94.27400207519531,2.326115255550039,3,39.907556795307386,4.54142381763102
1790521907999270400,98.3502705078125,105.10437331721187,0.7194210729739956,14.617994347988887,57.64446873314346,94.51437316462398,94.27400207519531,2.4038001599886125,3,39.90761756970834,3.983115152276988
1790521908999308000,99.35030810546876,104.92014440428466,0.7289078982798775,15.582946524621587,57.64446510794702,94.33014425169677,96.12615966796875,2.353325117930011,3,39.9076817484235,3.7892323576069793
1790521909999317800,100.35031787109375,105.14139535836875,0.765572602647889,18.486599426242925,57.644463107268066,94.55139520578086,96.12615966796875,2.357021345669451,3,39.9077319823422,3.3547258246859117
1790521910999328500,101.35032861328125,105.15054701082408,0.766478226283756,20.28079288850473,57.64446089335073,94.5605468582362,96.12615966796875,2.328267803753423,3,39.90777990306244,3.0618232882315506
1790521911999366700,102.35036669921875,105.17869141791016,0.7509163103026052,22.449109362158197,57.6444568973505,94.58869126532227,96.12615966796875,2.3383944271421524,3,39.90782381438364,2.7088871662249354
1790521912999377400,103.35037744140625,104.9870235323906,0.7428144153021098,30.198252670658306,57.644455527838566,94.3970233798027,96.12615966796875,2.310194891792421,3,39.90785405566111,1.9928508574317996
1790521913999385900,104.3503857421875,104.91566610801965,0.7369121823633298,59.64905210597219,57.644454810906595,94.32566595543176,96.12615966796875,2.364792790340768,3,39.907860937504545,0.9934012737092685
1790521914999423500,105.35042358398438,104.75979523733258,0.9383021564664579,180,57.644457110260106,94.16979508474469,96.12615966796875,2.428787649352104,3,39.90785563772058,0.2598306874614174
1790521915999461600,106.35046166992187,104.71062991116196,0.980676028442591,180,57.64445711093073,94.12062975857407,96.12615966796875,2.411253049774325,3,39.907852521056476,0.027459152825281927
1790521916999498200,107.35049829101563,104.6965559553355,0.9689034396468521,180,57.64445954563296,94.10655580274761,96.12615966796875,2.385549734034116,3,39.90784809189163,0.04992008811898327
1790521917999533000,108.35053295898437,104.45584255177528,0.9717821912093078,139.5591896531691,57.6444597886522,93.86584239918739,96.12615966796875,2.3628703372326014,3,39.90785583400641,0.5638726732864836
1790521918999567400,109.3505673828125,104.48208176530898,0.7191811363074597,39.57003150174256,57.644457386243204,93.89208161272109,96.12615966796875,2.3560789534203503,3,39.90788863541995,1.47117662956633
1790521919999601400,110.35060131835938,104.55498627014458,0.7085253236199457,24.44033838582402,57.644456358236674,93.96498611755669,96.12615966796875,2.362701895153434,3,39.907935944038435,2.3490145047509956
1790521920999633700,111.35063354492188,104.44397107511759,0.7102167562327083,17.245752361963373,57.64445170471744,93.8539709225297,96.12615966796875,2.3571105381649686,3,39.90800061793487,3.336921300573158
1790521921999665700,112.35066577148437,104.43935418687761,0.7028528754255202,14.337079387587709,57.64444806324132,93.84935403428972,96.12615966796875,2.4041669099091374,3,39.908072899294666,3.9718703264701243
1790521922999696600,113.35069653320312,104.46958776097745,0.7068834227161517,12.667385633689959,57.6444438701398,93.87958760838956,96.12615966796875,2.3839585749797987,3,39.90815367874044,4.520325594038979
1790521923999726800,114.35072680664062,104.81106760818511,0.6968957546472567,10.749272249439226,57.64444075999868,94.22106745559722,96.12615966796875,2.384131994942634,3,39.908247060604964,5.245106654434384
1790521924999757000,115.35075708007813,104.86108275596052,0.7109910764036212,9.823250920811684,57.6444349797482,94.27108260337263,96.78280639648438,2.364925385559315,3,39.90834925693967,5.8639133534991865
1790521925999786000,116.35078588867188,104.96523402631283,0.7101584855598058,8.943044699843963,57.644429328198,94.37523387372494,96.78280639648438,2.343302670074181,3,39.90846185022356,6.434285554197951
1790521926999814400,117.350814453125,105.0488297464326,0.7324988644276664,8.631596945725494,57.644421177407665,94.45882959384471,96.78280639648438,2.3099443301237477,3,39.90857952041815,6.876224084575081
1790521927999841300,118.35084130859374,105.01870750263333,0.7347220393546486,8.315813381085821,57.644412478244874,94.42870735004544,96.09478759765625,2.2865415269799194,3,39.9087011643286,7.1594839932351295
1790521928999869400,119.35086938476563,105.09917995613068,0.7411128157632382,8.472869675424844,57.6444045529509,94.50917980354279,96.69063568115234,2.231819298281306,3,39.9088190835667,7.087470639747046
1790521929999895800,120.35089575195312,105.26034947205335,0.741990509318504,8.143632611416168,57.64439468364253,94.67034931946546,96.69063568115234,2.2857337095306667,3,39.9089442693208,7.382514422617201
1790521930999922200,121.35092211914062,105.40418068226427,0.7240946545474299,7.751108129456883,57.64439061554166,94.81418052967638,96.69063568115234,2.2749655500834094,3,39.909071984678036,7.569136382442263
1790521931999948000,122.35094799804688,105.47323699761182,0.7210806683993394,7.709907419000131,57.64438344876775,94.88323684502393,96.69063568115234,2.2264519640446045,3,39.90919455191777,7.57808938247295
1790521932999973600,123.3509736328125,105.43442869279534,0.7206707675713407,7.905696291005517,57.644375186890244,94.84442854020745,96.32784271240234,2.1686176630941425,3,39.9093122140981,7.3863456478607885
1790521933999998500,124.35099853515625,105.38305873796344,0.7263582838627904,8.203266410875903,57.64436935707518,94.79305858537555,95.83010864257812,2.125587385698427,3,39.90942991457072,7.1757205812365985
1790521935000023800,125.35102392578125,105.31612549070269,0.729822062386324,8.515851509273512,57.64435962318815,94.7261253381148,95.8911361694336,2.125182787469492,3,39.909541372442945,6.9451912654700685
1790521936000047900,126.3510478515625,105.54639143869281,0.7236518783617033,8.479498723264886,57.64435083283434,94.95639128610492,95.8911361694336,2.14653338614638,3,39.9096540663575,6.915055005093595
1790521937000072400,127.35107250976563,105.6693913731724,0.7311843307222232,8.82672577389436,57.64433923705296,95.07939122058451,95.8911361694336,2.19008991941666,3,39.9097603419164,6.711991841504273
1790521938000095500,128.3510954589844,105.45205417927355,0.725341331566551,9.175785188774848,57.644327802426126,94.86205402668566,95.8911361694336,2.147914787895815,3,39.90986233902931,6.4033998200844024
1790521939000119000,129.351119140625,105.66739855986089,0.739896851079525,9.643842963018841,57.644314304782974,95.077398407273,95.8911361694336,2.2673985798302487,3,39.909960813497406,6.216218815324213
1790521940000169200,130.35116918945312,105.56445601861924,0.7275349303417654,9.983210119747858,57.644302442451,94.97445586603135,95.71021270751953,2.2282563573985006,3,39.91005396703838,5.904665654243118
1790521941000166000,131.35116577148438,105.21242810413241,0.7242513399694542,10.103525211351991,57.644286769896404,94.62242795154452,95.71021270751953,2.253469564633137,3,39.91015264770834,5.799283603176736
1790521942000191000,132.35119091796875,105.45987219549716,0.7213415802958699,12.072783849355922,57.644278109508036,94.86987204290926,95.81660461425781,2.2818414286778435,3,39.91022365553036,4.841210640475006
1790521943000210700,133.35121069335938,105.60211038962007,0.7099661494315546,13.943659591633255,57.64427290205468,95.01211023703218,95.81660461425781,2.2505257076795475,3,39.91028571159389,4.12501944076976
1790521944000233200,134.35123315429686,105.55426419712603,0.7323026687437888,19.19543827252219,57.64427124397214,94.96426404453814,95.81660461425781,2.235683983726692,3,39.91032955755487,3.088958568130535
1790521945000255200,135.35125512695313,105.33065203856677,0.7433428808771909,31.59910201798169,57.64427029603716,94.74065188597888,95.81660461425781,2.2142581598800195,3,39.91035139569665,1.9060617572208451
1790521946000277000,136.35127709960938,105.26468329131603,0.7440430388636438,120.1269086790528,57.6442696303751,94.67468313872814,95.81660461425781,2.19640331852377,3,39.910347565473074,0.5004604070072334
1790521947000299000,137.35129907226562,104.90599950775504,0.8970755817054115,180,57.6442708994005,94.31599935516715,95.81660461425781,2.1970503543392255,3,39.91033783917492,0.12159109457988493
1790521948000320000,138.35132006835937,105.11022911313921,0.9273238737637025,180,57.64427201939216,94.52022896055132,95.81660461425781,2.203016511950269,3,39.91033431324973,0.061872615954289244
1790521949000342000,139.3513420410156,105.20234241336584,0.9201742145520597,180,57.64427104227093,94.61234226077795,95.81660461425781,2.19454521811545,3,39.9103289704031,0.02805422077848509
1790521950000363500,140.35136352539064,105.16211807914078,0.9508669972015534,180,57.6442725053197,94.57211792655289,95.81660461425781,2.2786610507386635,3,39.910326441089,0.03996032042139971
1790521951000384800,141.351384765625,105.27008682023734,0.9617407950097705,180,57.64427196651356,94.68008666764945,95.81660461425781,2.324826296845383,3,39.91032494521825,0.05272981582018672
1790521952000405200,142.3514052734375,105.31005828361958,0.9191643326114426,180,57.64427338323155,94.72005813103169,95.81660461425781,2.3212935337371268,3,39.91032295762379,0.014232191292664032
1790521953000426500,143.35142651367187,105.31424782704562,0.8923247856766586,180,57.64427340574254,94.72424767445773,95.81660461425781,2.3535291535958534,3,39.91032282361271,0
1790521954000446700,144.35144677734374,105.31424782704562,3.48546914518263,180,57.64427340574254,94.72424767445773,95.81660461425781,2.4003647729892092,3,39.91032282361271,0
1790521955000468500,145.35146850585937,105.31424782704562,3.516443108425587,180,57.64427340574254,94.72424767445773,95.81660461425781,2.411583035572067,3,39.91032282361271,0
1790521956000488200,146.35148828125,105.31424782704562,3.4932687273176017,180,57.64427340574254,94.72424767445773,95.81660461425781,2.3910038837934637,3,39.91032282361271,0
1790521957000509700,147.351509765625,105.4430613964796,3.49570823715605,180,57.6442722656108,94.85306124389172,95.81660461425781,2.3714536903113372,3,39.9103283211323,0.23006271897452552
1790521958000530200,148.3515302734375,105.49683844763786,3.4669762489132294,180,57.64427154883641,94.90683829504997,95.81660461425781,2.352881007537112,3,39.91033886973374,0.6077630048035594
1790521959000550100,149.35155004882813,105.62999890651554,3.4933439295488333,180,57.64426981038173,95.03999875392765,95.81660461425781,2.3352369632451646,3,39.91036710516634,1.29348847721117
1790521960000570400,150.3515703125,105.44345838949084,2.809289289293423,101.0789746411432,57.64426759386529,94.85345823690295,95.81660461425781,2.3184751221918356,3,39.910410379925466,2.243600624325571
1790521961000591400,151.35159130859375,105.36532056238502,2.4920430250459185,67.69082939948488,57.64426264158048,94.77532040979713,95.56413269042969,2.3711301437209853,3,39.91046422577367,2.9809426244468686
1790521962000611800,152.35161181640626,105.5254006292671,2.375038684407838,51.40454158489131,57.64425885116067,94.9354004766792,95.69603729248047,2.363299170456178,3,39.910533128992384,3.7376810302397434
1790521963000631000,153.35163110351561,105.46247839927673,2.290244972118937,41.591003370449975,57.644255338297505,94.87247824668884,95.69603729248047,2.366275847147754,3,39.91060772065117,4.461084068703156
1790521964000651000,154.35165112304688,105.16509779263288,2.2083854925653386,32.78683198082799,57.64425135390267,94.57509764004499,95.69603729248047,2.3656304294733115,3,39.91070311772023,5.4373927373039095
1790521965000671500,155.35167138671875,105.13811771199107,2.095797250161829,27.378349564098656,57.644246304160184,94.54811755940318,95.93995666503906,2.357679567037618,3,39.910810193099344,6.192872051093403
1790521966000691500,156.35169140625,104.93340636231005,2.0740687980663317,25.31456834253479,57.64424212154437,94.34340620972216,95.93995666503906,2.342477133712592,3,39.91092486550072,6.634226107438985
1790521967000712000,157.3517119140625,104.79199313558638,2.021050825547775,23.254344136158963,57.64423838794691,94.20199298299849,95.93995666503906,2.3142186931485744,3,39.91104256121605,7.033818102891044
1790521968000731400,158.3517314453125,104.56737496331334,1.988751976690886,20.564814318413067,57.64423190826141,93.97737481072545,95.79508972167969,2.260956126608111,3,39.91117739739036,7.828777141858207
1790521969000751000,159.35175122070314,104.3749512694776,1.9360520381958144,18.948474903414716,57.644224453222186,93.78495111688972,95.79508972167969,2.4174782341109715,3,39.91131911028687,8.269842418460021
1790521970000771000,160.35177099609376,104.27357935719192,1.9528969376248573,18.952255510638604,57.64421718412639,93.68357920460403,95.79508972167969,2.372683027671057,3,39.91145903413758,8.344187224721637
1790521971000791000,161.351791015625,104.23448135796934,1.9278986274272274,17.99259913951508,57.64420948258885,93.64448120538145,95.84429168701172,2.2450254310905278,3,39.911607257109246,8.676282165999643
1790521972000810500,162.351810546875,104.15499563142657,1.918428159826118,17.509789878927542,57.644200685125135,93.56499547883868,95.84429168701172,2.41880731701959,3,39.91175923706946,8.877570725318764
1790521973000830200,163.3518303222656,104.12037272658199,1.9312186557444309,17.291113132169965,57.644192086294495,93.5303725739941,95.8132553100586,2.460196923419152,3,39.911911747109535,9.04992612164812
1790521974000850400,164.35185034179688,104.05972143262625,1.8978057292615982,16.58611262238968,57.64418194368254,93.46972128003836,95.8132553100586,2.29332786852473,3,39.912068451833605,9.27138597226211
1790521975000870100,165.3518701171875,104.03404688928276,1.878864649424899,16.263741741548767,57.64417052543474,93.44404673669487,95.6031494140625,2.3512948711890376,3,39.91222935786038,9.360793223415333
1790521976000890400,166.35189038085937,103.90567750670016,1.9005947158253071,16.38279351994991,57.644160100797976,93.31567735411227,95.6031494140625,2.467981243716098,3,39.91238671066901,9.400094796817632
1790521977000909800,167.35190991210936,104.01022036094218,1.8869629645901613,15.864845641788891,57.64414855654924,93.4202202083543,95.97725677490234,2.29237941250563,3,39.912547792634555,9.63751527107353
1790521978000929300,168.35192919921874,104.06992552895099,1.868212014311766,15.187108602882471,57.64413909878325,93.4799253763631,95.97725677490234,2.375297417333714,3,39.91271114498768,9.967103007604726
1790521979000949000,169.35194897460937,104.1461499594152,1.8469916971815754,14.881217089676694,57.644128409675254,93.5561498068273,95.97725677490234,2.237317153488692,3,39.912878717933715,10.056576590982452
1790521980000968000,170.35196801757812,103.98967896774411,1.8433540939116038,14.672459218823981,57.644119204170494,93.39967881515622,95.80348205566406,2.1422680255383533,3,39.91305046428422,10.17867584549705
1790521981000988000,171.35198779296874,104.13248553685844,1.8523025144712313,14.553412303738646,57.64410979868118,93.54248538427055,95.51671600341797,2.572884915848333,3,39.91322068897679,10.31278520398861
1790521982001007600,172.35200756835937,104.17445374559611,1.8414234228469,14.354383144038362,57.64409737318539,93.58445359300822,96.14437866210938,3.0703544038719817,3,39.91339183071393,10.39455482810106
1790521983001026600,173.3520266113281,104.36636930983514,1.853459742460312,14.315893712021309,57.64408829212728,93.77636915724725,95.74665832519531,2.7675448151480118,3,39.91356449485725,10.490622142097424
1790521984001045800,174.3520456542969,104.53931653872132,1.8346129499929242,14.18973783992086,57.64407800051621,93.94931638613343,95.74665832519531,2.7138292460102313,3,39.913736090972876,10.476079956370963
1790521985001065200,175.35206518554688,104.66065450757742,1.8410698170116495,14.507517686110383,57.64406988366606,94.07065435498953,95.60569763183594,2.530390478138273,3,39.91390745083193,10.281643973841234
1790521986001085000,176.3520849609375,104.83602639380842,1.8356616097372478,14.786884429623983,57.6440624589365,94.24602624122053,94.49267578125,2.4865752406734836,3,39.91407367694245,10.057194128849583
1790521987001105400,177.35210546875,104.8429035814479,1.8638528910896779,15.336522859629804,57.6440569427183,94.25290342886001,94.49267578125,2.479422846695347,3,39.914239298215655,9.84050669183382
1790521988001123800,178.35212377929687,104.80167794600129,1.8761888916382186,15.710209382886907,57.64404941160119,94.2116777934134,95.93598937988281,2.472853725640928,3,39.91440071224645,9.669328041942151
1790521989001143600,179.3521435546875,104.65486050210893,1.8813733018368268,16.033128697600123,57.64404155944144,94.06486034952104,95.93598937988281,2.273263020622815,3,39.91455975017711,9.50581032326853
1790521990001162500,180.35216259765625,104.52054615784436,1.8850828006783757,16.45193758826485,57.644034018088426,93.93054600525647,96.038330078125,2.4758398729908917,3,39.91471462697831,9.281237628615518
1790521991001182500,181.35218237304687,104.16121198516339,1.904314369667174,17.01328915720118,57.64402567413368,93.5712118325755,96.038330078125,2.2801266067914816,3,39.91486534472856,9.068466628096088
1790521992001202200,182.3522021484375,103.99439122900367,1.9061329430217335,17.412656040845793,57.64401502352352,93.40439107641578,96.05581665039062,2.166594979067765,3,39.91501097799481,8.860901499498889
1790521993001221600,183.3522216796875,103.8337529450655,1.921295728577928,17.984940905565782,57.64400812967656,93.24375279247761,96.05581665039062,2.100076048736869,3,39.91515419580721,8.654326484543908
1790521994001240300,184.352240234375,103.81826007924974,1.9389880722718462,18.47003176278838,57.64399959286243,93.22825992666185,96.05581665039062,2.275424319687117,3,39.91529564300112,8.505667730586712
1790521995001261300,185.35226123046874,103.74079502094537,1.9438571729463014,18.847051575359462,57.64398859587358,93.15079486835748,96.05581665039062,2.2247147754307943,3,39.91543697474291,8.3569422175377
1790521996001279000,186.3522790527344,103.6273967185989,1.9494149687501274,19.331854170732264,57.64397591227812,93.03739656601101,96.05581665039062,2.1768041993619223,3,39.91556799215817,8.170405808792227
1790521997001298700,187.35229858398438,103.67609611246735,1.9590872479741628,20.108342814349015,57.643962403726526,93.08609595987946,96.89405822753906,2.3792899495975828,3,39.91569832699905,7.889177356100451
1790521998001319000,188.35231884765625,103.64518283680081,2.0059567513729384,21.598234028988394,57.643946008316775,93.05518268421292,96.89405822753906,2.425813102696579,3,39.915819510819475,7.516668289499573
1790521999001337000,189.3523371582031,103.88330515287817,2.009267578523335,22.542741994394365,57.64393239052836,93.29330500029027,96.89405822753906,2.7637059236862207,3,39.91594146001912,7.215911382068771
1790522000001357600,190.35235766601562,103.95571447256953,2.056948739024003,25.10568758637464,57.64393940728935,93.36571431998163,96.89405822753906,2.5360325944295106,3,39.91605637155165,6.636501604731819
1790522001001376500,191.35237646484376,103.9568615090102,2.126384228402415,28.848080673498544,57.6439329995601,93.3668613564223,96.89405822753906,2.513341856989197,3,39.91615520399897,5.972415541696987
1790522002001395700,192.3523957519531,103.80876937881112,2.215680343395674,36.926973966442134,57.643928389072464,93.21876922622323,97.40081024169922,2.7282680915142765,3,39.91623179061855,4.856925291698973
1790522003001415000,193.35241479492188,103.76849647518247,2.3293015006990214,48.867903249542586,57.64392454090023,93.17849632259458,96.98298645019531,2.6381471516555597,3,39.91628903465515,3.8325185935551196
1790522004001434000,194.35243408203124,103.79059216286987,2.4307016834658417,65.34855019954043,57.643921706304965,93.20059201028198,96.98298645019531,2.6698688006689943,3,39.91633219316923,2.9229944357138833
1790522005001453600,195.35245361328126,103.75543252658099,2.529336740463228,110.07342050610193,57.643920575613876,93.1654323739931,96.98298645019531,2.8022123433804307,3,39.91634940840951,1.5110026999345338
1790522006001473000,196.35247314453125,103.74882018752396,3.735071899336881,180,57.643921272519606,93.15882003493607,96.98298645019531,2.8161402876772565,3,39.916338797823094,0.05682975583724443
1790522007001493500,197.35249340820312,103.78771673422307,3.728456413124942,180,57.643921108357965,93.19771658163518,96.98298645019531,2.927243817399836,3,39.91634129715367,0.03896409065736137
1790522008001511700,198.35251171875,103.89371751528233,3.7630005113238454,180,57.64392097254481,93.30371736269444,96.98298645019531,2.9603817053451342,3,39.91634336494645,0.031385523168956896
1790522009001530600,199.35253051757812,104.0611782418564,3.718912196110774,180,57.643920952709735,93.4711780892685,96.98298645019531,2.9251386474811722,3,39.91634366698894,0.034514387077576016
1790522010001550000,200.35255004882814,104.14320970792323,3.7080895125448414,180,57.64392100848486,93.55320955533534,96.98298645019531,2.9547974772099086,3,39.91634281786351,0.027480452556269797
1790522011001570300,201.3525703125,104.06375636532903,3.751273581390646,180,57.643920970989726,93.47375621274114,96.98298645019531,2.9605784676535984,3,39.91634338872667,0.03221091252818579
1790522012001589200,202.35258935546875,104.04894897248596,3.7289913902939142,180,57.64392082831706,93.45894881989807,96.98298645019531,2.910621477549485,3,39.91634556105093,0
1790522013001608400,203.3526083984375,104.04894897248596,3.720878821923096,180,57.64392082830465,93.45894881989807,96.98298645019531,2.911116195199177,3,39.9163455610481,0
1790522014001628400,204.35262841796876,104.04894897248596,3.747642433462373,180,57.6439208283097,93.45894881989807,96.98298645019531,2.882334678124687,3,39.91634556104925,0
1790522015001647000,205.35264721679687,104.04894897248596,3.735891724244794,180,57.64392082830793,93.45894881989807,96.98298645019531,2.931685830360995,3,39.91634556104884,0
1790522016001666600,206.35266650390625,104.04894897248596,3.7554246436332206,180,57.64392082831386,93.45894881989807,96.98298645019531,2.9297202366094646,3,39.9163455610502,0
1790522017001686300,207.35268627929688,104.04894897248596,3.7290431367956414,180,57.643920828323175,93.45894881989807,96.98298645019531,2.9820959772073,3,39.916345561052324,0
1790522018001704700,208.35270458984374,104.04894897248596,3.744718496469007,180,57.64392082830932,93.45894881989807,96.98298645019531,2.932991178346935,3,39.91634556104916,0
1790522019001724700,209.352724609375,104.18504755478352,3.718488619958656,180,57.64392020353146,93.59504740219563,96.98298645019531,2.952847027423872,3,39.91635507364517,0.01938513931826135
1790522020001743600,210.35274365234375,104.21751491632313,3.733447883361022,180,57.643920140146854,93.62751476373523,96.98298645019531,2.952631503857327,3,39.91635603891742,0.008297726663299367
1790522021001763300,211.35276342773437,104.21984721161425,3.729721423194147,180,57.64392015452526,93.62984705902636,96.98298645019531,2.919862812802358,3,39.91635581971725,0
1790522022001782000,212.35278198242187,104.21984721161425,3.7279420634575446,180,57.643920154527336,93.62984705902636,96.98298645019531,2.91443600122115,3,39.91635581971773,0
1790522023001801500,213.35280151367186,104.21984721161425,3.746672973100486,180,57.64392015452305,93.62984705902636,96.98298645019531,2.8687142011600923,3,39.91635581971675,0
1790522024001821000,214.35282104492188,104.21984721161425,3.726357001758279,180,57.64392015451864,93.62984705902636,96.98298645019531,2.9049345700859623,3,39.91635581971574,0
1790522025001840000,215.35284008789063,104.21984721161425,3.723721237706744,180,57.64392015453082,93.62984705902636,96.98298645019531,2.93399012833568,3,39.916355819718525,0
1790522026001859600,216.35285961914062,104.21984721161425,3.7406373617197732,180,57.643920154533085,93.62984705902636,96.98298645019531,2.9926097607584037,3,39.916355819719044,0
1790522026999787800,217.3507878417969,104.13772890157998,3.7354868170310813,180,57.643920246832835,93.54772874899209,96.98298645019531,3.0023956936838307,3,39.91635441434787,0.03641499597678229
1790522027999783700,218.35078369140626,104.13198584783822,3.729477045476235,180,57.643920280377245,93.54198569525033,96.98298645019531,3.020794374215178,3,39.91635390367298,0.05456358539627836
1790522028999805200,219.35080517578126,104.16277297679335,3.7221000386395158,180,57.64392015811051,93.57277282420546,96.98298645019531,3.112672239569206,3,39.916355765231756,0.18005985154199308
1790522029999799800,220.3507998046875,104.15858220309019,3.725506304254709,180,57.643919454323246,93.5685820505023,96.98298645019531,3.1099058292747257,3,39.91636648074827,0.6528393381170069
1790522030999797500,221.35079760742187,104.15903356205672,3.7647222458395815,180,57.64391873909101,93.56903340946883,96.98298645019531,3.0544105375572346,3,39.91637737054131,0.5755336527213762
1790522031999821300,222.3508212890625,104.22442685626447,3.729213769546338,180,57.64391858856554,93.63442670367658,96.98298645019531,3.0931073939275042,3,39.91637966242998,0.3796706304758087
1790522032999828200,223.350828125,104.20924619305879,3.754244816947106,180,57.64390254808869,93.6192460404709,96.98298645019531,3.1020363743754626,3,39.91637927407206,0.39888407203952836
1790522033999811300,224.35081127929686,104.15922103729099,3.7624279792696314,180,57.643906554880395,93.5692208847031,96.98298645019531,3.0469345559974643,3,39.9163869627719,0.4034361181843811
1790522034999836000,225.3508359375,104.12346938904375,3.787036817912403,180,57.64391036473885,93.53346923645586,96.98298645019531,3.0295971993932422,3,39.916391555177306,0.3214167222925709
1790522035999829200,226.35082934570312,104.22109497711062,3.6291747842999427,180,57.64391089263222,93.63109482452273,96.98298645019531,3.070175517963724,3,39.9163940546216,0.3800116476714988
1790522036999817700,227.35081762695313,104.15970757137984,3.7435618283322136,180,57.643912299618634,93.56970741879195,96.98298645019531,3.0507796716389595,3,39.91640160010129,0.34921632171858435
1790522037999842300,228.35084228515626,104.21883758436888,3.7637382113490143,180,57.643912186059346,93.628837431781,96.98298645019531,3.0311530136414104,3,39.91640367146731,0.41332176839124857
1790522038999833000,229.3508330078125,104.22473657596856,3.7390758496697356,180,57.64391185267677,93.63473642338067,96.98298645019531,3.037354293285603,3,39.91642445181913,1.2011542493187743
1790522039999820800,230.35082080078126,104.26033199764788,3.7328920067088704,172.7899590443503,57.64391453932921,93.67033184505999,96.98298645019531,3.0883467850316575,3,39.91645687148577,1.7471400087680802
1790522040999846000,231.3508459472656,104.43979685101658,2.5449469662428172,80.07472684448632,57.643917291949165,93.84979669842869,96.98298645019531,3.1227110974721595,3,39.916506802788696,2.5599597907263143
1790522041999871700,232.35087182617187,104.72641906235367,2.406972452740875,54.22602124841548,57.64391835529189,94.13641890976578,96.98298645019531,3.1004562452330533,3,39.91657026934845,3.553956442132498
1790522042999897600,233.35089770507813,104.67079249490052,2.2640619434823095,38.83829506916752,57.6439161056912,94.08079234231263,96.98298645019531,3.045433440038901,3,39.9166559803145,4.686089751902318
1790522043999922200,234.35092211914062,104.70343103632331,2.147033319134345,29.62542548807223,57.64391097803182,94.11343088373542,96.75018310546875,3.0229582603092955,3,39.91675900187452,5.850619798482518
1790522044999946800,235.35094677734375,104.54720987472683,2.1008071696317363,27.100927250771374,57.643903586227054,93.95720972213894,96.75018310546875,3.0228933528422686,3,39.91687023933513,6.251899922028856
1790522045999971300,236.35097143554688,104.65373234916478,2.126153123589406,28.5056120499948,57.643898776830525,94.0637321965769,97.31483459472656,2.9642735187237204,3,39.9169701229564,6.018128159532876
1790522046999995400,237.35099536132813,104.66998644173145,2.133521585562508,29.2696768688469,57.64389100733207,94.07998628914356,96.85011291503906,2.9748895350165054,3,39.91706710654815,5.8592118523803
1790522048000019500,238.35101953125,104.71716972999275,2.1023223945548164,27.590764447693605,57.64388452114996,94.12716957740486,96.85011291503906,3.016851255817477,3,39.9171710679878,6.147643629214067
1790522049000043500,239.35104345703124,104.78836921881884,2.0960216457911387,27.416300751905425,57.6438798183001,94.19836906623095,96.85011291503906,2.938410831952089,3,39.91727836924486,6.167276328542039
1790522050000066800,240.35106689453124,104.86195115279406,2.089806969013755,26.125227482890256,57.643872240084114,94.27195100020617,96.85011291503906,2.9031965410469946,3,39.91738632336336,6.431227766335757
1790522051000090000,241.3510900878906,105.13627722952515,2.030152096378652,23.212737486763537,57.643865525614835,94.54627707693726,97.00733184814453,2.903579077305998,3,39.9175062756557,6.988601125445214
1790522052000113400,242.35111352539062,104.97992468439043,2.01567191372911,22.703459585625875,57.64386062353751,94.38992453180254,96.56063842773438,2.929386952275414,3,39.91762543902068,7.123135444397744
1790522053000136200,243.35113623046874,104.70503910258412,2.0197151400207884,22.35096398707076,57.64385417038527,94.11503894999623,96.56063842773438,2.791299644232165,3,39.91774640372014,7.3178095450885
1790522054000158700,244.35115869140625,104.57967617642134,1.992820899750179,20.882623469335098,57.64384836194382,93.98967602383345,96.56063842773438,3.0537427110869086,3,39.91787650830424,7.732488702760126
1790522055000182000,245.35118212890626,104.19579378608614,2.0047823141232692,21.424824256800683,57.64387272681014,93.60579363349825,96.60894012451172,2.8235471580554905,3,39.918007366127746,7.572221344626689
1790522056000203500,246.35120361328126,103.91635437682271,2.0034855100126356,22.027500610511034,57.64386523090271,93.32635422423482,96.60894012451172,3.0681369540449706,3,39.91812801757609,7.365970249684917
1790522057000225500,247.3512255859375,103.59577375184745,2.0042578440383987,21.59805305715158,57.643848280612836,93.00577359925956,86.67286682128906,2.91385480985198,3,39.91825213311301,7.512045112505258
1790522058000248300,248.35124829101562,103.38298256415874,2.0133490633219235,22.380466000257808,57.6438554976793,92.79298241157085,86.67286682128906,2.9326090937903673,3,39.91837642214686,7.2839454432166
1790522059000270300,249.35127026367186,103.25696443580091,2.0214324811471,23.172808499924194,57.64386762992086,92.66696428321302,86.86380004882812,2.8625117940132685,3,39.918490405518384,7.0670013743528
1790522060000291300,250.35129125976562,103.35652389191091,2.020562976927291,22.689399503259697,57.64388942543923,92.76652373932302,76.27642059326172,3.002193580519916,3,39.91860925063318,7.21467164951204
1790522061000313300,251.3513132324219,103.62395631801337,2.005122783707837,22.568608602809594,57.6439254570045,93.03395616542548,64.08485412597656,2.776178107757406,3,39.918711105057575,7.19797542672815
1790522062000334800,252.3513349609375,103.63355174753815,2.001488402690423,21.739437046160962,57.64396439024793,93.04355159495026,50.29590606689453,2.695897144154448,3,39.91881624463926,7.460001799856666
1790522063000356000,253.35135620117188,103.88166626729071,1.9822326659707765,21.377251387091984,57.644011564363524,93.29166611470282,50.29590606689453,2.511037488703873,3,39.918910234632364,7.510792167116867
1790522064000377900,254.3513779296875,104.01103829219937,2.002698765797085,20.84843220869009,57.64406367155488,93.42103813961148,43.125240325927734,2.3758632128214616,3,39.918997248466624,7.783568998691934
1790522065000398600,255.35139868164063,103.85692102462053,1.9657071875008003,19.750807123236093,57.644116797169296,93.26692087203264,43.125240325927734,2.2722076260199024,3,39.91908959162352,8.062321125540548
1790522066000420600,256.3514206542969,103.9284220226109,1.9561926164488699,18.671324524240774,57.644173066914206,93.33842187002301,43.125240325927734,2.2656464407480614,3,39.91918705717919,8.486724092029032
1790522067000441000,257.3514411621094,104.21245143003762,1.9281935494709448,17.292741312065115,57.64423203252942,93.62245127744973,43.26589584350586,2.1754027699112974,3,39.919290421772935,8.981300141437634
1790522068000462300,258.35146240234377,104.33714586496353,1.8790359153550547,16.155583963410688,57.64429319776082,93.74714571237564,39.56027603149414,2.186638239430654,3,39.9193973334575,9.407268621574532
1790522069000483000,259.3514831542969,104.58234431222081,1.8364065748924843,14.808430018815148,57.64436048934014,93.99234415963292,39.55741882324219,2.1163821682923385,3,39.919513710120405,10.028584070206131
1790522070000503600,260.3515036621094,104.80581027921289,1.832594940759585,14.052193616593083,57.64443048162057,94.215810126625,39.55741882324219,2.070482285747165,3,39.91963377190386,10.536195009080485
1790522071000525000,261.3515251464844,105.3154749777168,1.8231271431196012,13.478806603591428,57.644500536214785,94.72547482512891,39.562198638916016,2.3187158346226115,3,39.91975848232562,10.919822672473394
1790522072000545500,262.3515456542969,105.78941873274744,1.7943911434920479,12.861722008869087,57.644575051229346,95.19941858015954,39.28031921386719,2.7132593071033506,3,39.9198861564939,11.300739769547498
1790522073000566000,263.35156591796874,106.41408896259964,1.791635364956324,12.836770085268892,57.64465054403182,95.82408881001174,39.28031921386719,2.385165461363367,3,39.920014148384816,11.302162714445785
1790522074000587000,264.3515869140625,106.83226592466235,1.8114028158412714,13.188439839194626,57.64472651122955,96.24226577207446,39.28031921386719,3.1628135676673224,3,39.92013248744127,11.125102641661709
1790522075000607700,265.35160766601564,107.19913761690259,1.824215558355237,13.25865906317462,57.64480829569483,96.6091374643147,36.00568389892578,2.757483423208835,3,39.920240892914904,11.143797951084988
1790522076000628200,266.35162817382815,107.74926489964128,1.802351038630548,12.958441457550363,57.64489316194778,97.15926474705338,36.00568389892578,2.917287120961701,3,39.92034762985779,11.264731378983559
1790522077000649000,267.35164892578126,108.3133440548554,1.820263735382372,13.071915694243794,57.64497697479282,97.72334390226752,35.95716094970703,2.6181164863792277,3,39.92045095315918,11.276604105982173
1790522078000669400,268.35166943359377,108.69190684426576,1.80556996983627,13.42761595262084,57.64505613686892,98.10190669167787,35.95716094970703,2.8996121383431914,3,39.920553991968085,10.871577825713791
1790522079000689200,269.3516892089844,109.0245078066364,1.8314617529067723,13.626748073238451,57.64513835053294,98.4345076540485,35.95716094970703,2.7587371621035266,3,39.9206536306183,10.823934566406143
1790522080000710000,270.3517099609375,109.32878418266773,1.81928194965763,13.449824104795752,57.64521961022947,98.73878403007984,35.95716094970703,3.000255024061509,3,39.92075505262104,10.88903694711495
1790522081000730600,271.3517307128906,109.63620901107788,1.8286125859089564,13.730146646033237,57.64529723348268,99.04620885848999,35.95716094970703,3.123845573590841,3,39.920856918032705,10.730813479078995
1790522082000750800,272.35175073242186,109.8426503809169,1.812748681053235,13.373767474576521,57.645379207189535,99.252650228329,35.95716094970703,3.247038885136775,3,39.92096456922778,10.943430874370414
1790522083000772000,273.35177221679686,109.97300683520734,1.8096266856490593,13.172185186653058,57.64546192869912,99.38300668261945,35.95928955078125,3.5208277556576495,3.0691955726210955,39.92107580869072,11.130217781712936
1790522084000791600,274.35179150390627,109.92564940825105,1.8089092628014278,13.151447570589092,57.645544308059534,99.33564925566316,35.8829231262207,3.568733029144398,3.0777953113497394,39.92118481901018,11.144252717393691
1790522085000812300,275.3518122558594,110.14016737602651,1.8193037425409067,12.965643143496898,57.64562541308828,99.55016722343862,35.8829231262207,3.6639582873624,3.144387427280979,39.92130847155476,11.368594905354772
1790522086000832000,276.35183203125,110.39055287651718,1.8187026249045495,12.62584505489644,57.64570344871441,99.80055272392929,40.82454299926758,3.292635532861943,3,39.92144062980642,11.670484296563188
1790522087000851700,277.35185180664064,110.24222415871918,1.7821433643085764,12.069871305716198,57.645782256402654,99.65222400613129,43.56938171386719,2.7345717051128062,3,39.92157731430848,11.963518242390387
1790522088000872200,278.3518720703125,110.35373708698899,3.348490718539415,22.89913296663995,57.64586096517126,99.7637369344011,43.56938171386719,2.5709844979384977,3,39.92171007028478,11.847138598555748
1790522089000892200,279.3518920898438,110.33671467565,2.726469449768912,18.885906880330207,57.64593599975635,99.74671452306211,43.56938171386719,2.3017930683550882,3,39.92184652442711,11.697161453566638
1790522090000914000,280.3519138183594,110.54629865661263,2.726811555681102,18.970690566701162,57.646011615816434,99.95629850402474,43.56938171386719,2.468229027602093,3,39.92198062073026,11.646390179748341
1790522091000932600,281.3519326171875,110.62173797935247,2.7245392224898475,19.085760539441967,57.64608736914445,100.03173782676458,44.250831604003906,2.747746722936458,3,39.922120329202414,11.566925624974171
1790522092000953000,282.351953125,110.72534166648984,2.7237119767110225,19.262719912743083,57.6461613626099,100.13534151390195,43.51279830932617,2.8858402271780457,3,39.922253581071914,11.457253473875133
1790522093000973800,283.35197387695314,110.9350932110101,2.7157095770400597,19.388740024923095,57.64623659701208,100.34509305842221,43.42825698852539,2.711229534236136,3,39.92237878852683,11.34933599310294
1790522094000993300,284.3519931640625,111.01144892256707,2.7047817928363145,19.388901005479404,57.64630948146921,100.42144876997918,43.4321403503418,2.4899915663694028,3,39.922511591823756,11.303571586592094
1790522095001014300,285.3520141601563,111.20509280636907,2.713309244680242,19.686765529443967,57.64638449623635,100.61509265378118,43.5883674621582,2.571946014458834,3,39.922637361421614,11.167582697611758
1790522096001033200,286.352033203125,111.23662149719894,2.711940966407532,19.827421678535483,57.646457400456704,100.64662134461105,43.5883674621582,2.3086066818057542,3,39.92276687960236,11.082685603191377
1790522097001053700,287.3520537109375,111.19923906121403,2.7118360816605476,19.921212009815573,57.64652838572574,100.60923890862614,43.60579299926758,2.23250526808048,3,39.92289681281324,11.029889914780151
1790522098001074000,288.35207397460937,110.94023282174021,2.701626905229891,19.99757939867402,57.64660014326276,100.35023266915232,43.73963928222656,2.7419206601456128,3,39.923024669314785,10.94654514512891
1790522099001094400,289.3520944824219,110.69267835095525,2.702724467815543,20.227605024150627,57.64667212381571,100.10267819836736,43.4476203918457,2.40399081046533,3,39.923151467505654,10.826406625514739
1790522100001113900,290.35211376953123,110.19780943542719,2.708300258106816,20.55951008192758,57.64674051799484,99.6078092828393,43.4476203918457,2.3808531321117417,3,39.923275735732844,10.673742679465189
1790522101001134000,291.35213403320313,109.76257153786719,2.7087202440396925,21.1218807024838,57.646806700178715,99.1725713852793,44.11631393432617,2.6105771046944746,3,39.92339686430474,10.391219724731359
1790522102001154300,292.352154296875,109.66340211033821,2.7057622237488115,21.69932013599857,57.64687186029925,99.07340195775032,43.14431381225586,2.4696033911025426,3,39.92351400861463,10.10358457852947
1790522103001174500,293.35217456054687,109.47615474835038,2.705218942610748,21.57529548634737,57.64693707784633,98.88615459576249,43.14431381225586,2.3816732713268207,3,39.92363753623348,10.158173774970114
1790522104001194500,294.3521945800781,109.54289468564093,2.698194547503741,20.795629766625424,57.647009805014896,98.95289453305304,43.14431381225586,2.2864119543491346,3,39.92376359948798,10.511906116852652
1790522105001214000,295.3522138671875,109.78624507598579,2.7058175864705256,20.56794689192703,57.647081333358514,99.1962449233979,43.55620552586586,3.0209464518765987,3,39.92389322290756,10.658496482158167
1790522106001234400,296.352234375,110.02624412160367,2.6983514516320817,20.54273255510887,57.6471504375669,99.43624396901578,44.32199326669414,2.6812934979979253,3,39.92401890999186,10.642092582853575
1790522107001254700,297.35225463867187,110.34861075505614,2.705169244223336,20.616969538277047,57.64721750327718,99.75861060246825,45.848871878337626,2.835768227989441,3,39.92414974096671,10.631187604353718
1790522108001274000,298.3522741699219,110.38886406738311,2.7076983318589045,20.960585353661504,57.64728068579191,99.79886391479522,45.857250627207804,2.823608978813801,3,39.92427494625868,10.467147887743131
1790522109001294000,299.3522941894531,110.57348189037293,2.6973014214737456,21.140031660625915,57.64734620929942,99.98348173778504,45.72995867424784,2.7396525796671454,3,39.92439819075743,10.338580072142198
1790522110001314000,300.35231396484374,110.64096034318209,2.7028931994398273,21.50353384611722,57.64740929134976,100.0509601905942,46.029545614654936,2.4181694882667686,3,39.92451896647539,10.184888468506408
1790522111001334000,301.352333984375,110.60498068388551,2.6985083580010407,21.56028950793375,57.64747033482934,100.01498053129762,46.5260476455154,2.862325128227961,3,39.92463996491201,10.141463124617378
1790522112001354200,302.3523542480469,110.79442311171442,2.7114904066906202,21.285115374851316,57.647533849498785,100.20442295912653,47.0660989518926,3.0290502454269124,3,39.924766697371645,10.322131299014833
1790522113001374500,303.3523745117187,110.74223868269473,2.7024788010791587,21.120981498890565,57.64759536619803,100.15223853010684,47.1762538727368,2.9292156815093082,3,39.92489358950854,10.367579204478982
1790522114001394000,304.35239379882813,110.99165431316942,2.704266680559123,21.516232615969823,57.647657680522855,100.40165416058153,47.06198539055234,3.3192290734252463,3,39.925014104429714,10.184041079513673
1790522115001414000,305.35241381835937,111.2150765163824,2.7029478307583488,21.94884609231404,57.64771841959744,100.6250763637945,46.74441454027135,3.0640260452186867,3,39.92513111756386,9.978440415702043
1790522116001434000,306.35243408203127,111.42592834215611,2.700251118723698,22.03234567270724,57.647779568186984,100.83592818956822,46.63640573172954,3.157846784714673,3,39.925251508233885,9.930649114837747
1790522117001454000,307.3524541015625,111.50186908990145,2.703549673706667,22.470815473555156,57.64783976540271,100.91186893731356,46.54869087125607,2.692763647237449,3,39.92536907438361,9.748708936633173
1790522118001473800,308.3524738769531,111.49549430049956,2.70122176393483,22.941052170119402,57.647899254710204,100.90549414791167,46.15110676020996,2.6667082294146804,3,39.925482109875816,9.540589967965644
1790522119001493500,309.35249340820315,111.55045728292316,2.69942171397124,23.40776213371486,57.64795803851081,100.96045713033527,45.85216425742601,2.3896058234106343,3,39.92559142362237,9.344331881607609
1790522120001514000,310.35251391601565,111.72161911893636,2.7056762446273037,23.217355574631966,57.6480186790411,101.13161896634847,45.74975050734992,2.791730671441124,3,39.92570466909572,9.442245857992239
1790522121001534500,311.3525344238281,111.6835650568828,2.696823083580717,22.50029367722445,57.64807943876784,101.09356490429491,45.95731569576837,2.5885964801130465,3,39.925821714991486,9.711703967834866
1790522122001554000,312.3525539550781,111.52388541027904,2.7002590430053317,21.60394921061802,57.64814152109632,100.93388525769114,45.58776907867684,2.626478340135806,3,39.92594559186758,10.127651029851057
1790522123001573600,313.35257373046875,111.48799660149962,2.7020962625043388,20.47053799977123,57.64821029686937,100.89799644891173,45.3314733771293,2.6505444652244283,3,39.92607735862377,10.695676796863735
1790522124001594000,314.35259399414065,111.41756121441722,2.7031146686899215,19.495336091228985,57.648284394403596,100.82756106182933,45.03161239736055,2.6681354113022975,3,39.92621116163319,11.234935707091035
1790522125001613300,315.35261328125,111.68132980912924,2.704730188627662,18.58355302963855,57.648357719504155,101.09132965654135,46.66648113755371,2.9084097008383836,3,39.92636080148791,11.7931205419641
1790522126001633500,316.3526335449219,111.3075738735497,1.7686324840032137,11.537571814041055,57.648429958201575,100.71757372096181,47.94283260449427,2.8225451454790877,3,39.926518543740904,12.421120894928585
1790522127001652700,317.35265283203125,110.84597701393068,1.7725220248135543,11.223024825460941,57.648504366939946,100.25597686134279,47.640010277999,3.089695348734433,3,39.92667898563657,12.796536592889847
1790522128001672700,318.3526726074219,110.90230106096715,1.7487044513524015,10.698443484151912,57.64858878758417,100.31230090837926,47.223207000388946,2.8166847189583133,3,39.92684161766224,13.244191224012102
1790522129001693400,319.352693359375,110.98306994419545,1.7371196783594627,10.342198847876135,57.64867627020757,100.39306979160756,46.600669110500846,2.6381953128183815,3,39.92700268841348,13.609885690010435
1790522130001713200,320.3527131347656,110.67126342561096,1.6981647064238967,9.948114612939609,57.648760764765896,100.08126327302307,46.46738333672206,3.0462176507151972,3,39.92716790599958,13.831641747711231
1790522131001733400,321.3527333984375,110.77640577591956,1.7089181912924996,9.950679290461803,57.64884851880867,100.18640562333167,46.378149257980276,2.5014570845778077,3,39.92733461413503,13.915733748872851
1790522132001752600,322.3527526855469,111.12290959432721,1.7171820018052655,9.810424274907636,57.64893772629743,100.53290944173932,46.228302655209276,2.283711803621165,3,39.92750476411846,14.182839920524595
1790522133001772300,323.3527722167969,111.38786735758185,1.6960147761639774,9.528507037152044,57.64902808614465,100.79786720499396,45.998848899428744,2.5165389972100676,3,39.9276769572248,14.421917063602308
1790522134001792300,324.3527922363281,111.39468971360475,1.7263745283492602,9.802623816587053,57.64911253230028,100.80468956101686,46.33078144846355,2.4788177171187717,3,39.92784687253945,14.268716458763198
1790522135001813000,325.35281298828124,111.60635895654559,1.7254494313830315,9.95013579298852,57.64919894761624,101.0163588039577,46.18026271452899,2.2593399778001424,3,39.92801546727295,14.049288087434496
1790522136001832400,326.35283251953126,111.8350798888132,1.756878934103409,10.34785427632633,57.64928448751453,101.2450797362253,45.91387396832433,2.1231235246212563,3,39.92818184589838,13.756265292108324
1790522137001852000,327.3528518066406,112.00924148503691,1.7342629267778529,10.431544321051687,57.64936696589298,101.41924133244902,45.80409250286502,2.3022948334139137,3,39.92834581681775,13.470473591311272
1790522138001872100,328.3528720703125,112.06602213252336,1.748730192407491,10.746008947255643,57.64944834562172,101.47602197993547,45.457520387327996,3.10941062475079,3,39.92850445510408,13.185604768398978
1790522139001892400,329.35289233398436,111.9449548497796,1.7731819969063116,11.016195409869592,57.649529087469794,101.35495469719172,45.281335657381916,3.54013809742624,3,39.92866183235962,13.042134536797718
1790522140001911600,330.35291162109377,112.0970021141693,1.7503671886367036,10.81127124970201,57.64961186822684,101.50700196158141,45.377961341014725,3.1420566868764803,3,39.928821468788236,13.118473331837894
1790522141001932500,331.3529326171875,112.05818070378155,1.7178669543508522,10.51014636103044,57.649693309981195,101.46818055119365,46.47951319762336,2.8543951293383723,3,39.92899092945272,13.243909239367666
1790522142001952800,332.3529528808594,111.63030636962503,1.7404378004198873,10.612239127831277,57.649772810021254,101.04030621703714,47.261673421424035,2.4243097143402723,3,39.929154647811345,13.288846926504064
1790522143001972500,333.35297241210935,111.53941496089101,1.7579460799248097,10.74712074904392,57.64985360452156,100.94941480830312,46.87276243801755,2.313299576074258,3,39.929317804362036,13.25411855281743
1790522144001991700,334.35299169921876,111.342299872078,1.7648805898568296,10.977510401869901,57.64993359587768,100.75229971949011,46.21838655517268,2.3215601389745877,3,39.92947517818853,13.027123507741397
1790522145002012200,335.35301220703127,111.33138861786574,1.763679868930622,11.11337266128219,57.65001377283255,100.74138846527785,46.68270629556884,2.3755966351712816,3,39.929631964764674,12.85911174717624
1790522146002031000,336.35303100585935,111.2461866857484,1.7349014907533347,11.060853045387901,57.65008998857544,100.65618653316051,47.06842700229882,2.850606238798169,3,39.92978876158423,12.709308380166096
1790522147002051800,337.3530517578125,111.20208962913603,1.7694105069295518,11.345296073475321,57.650165693733484,100.61208947654814,47.38406368479137,2.4318754629844723,3,39.92994524918615,12.637085184993294
1790522148002071800,338.35307177734376,111.11519716121256,1.7667737544662803,11.564036822326212,57.65023977628727,100.52519700862467,47.66104950484149,2.4714915547605454,3,39.930096377113614,12.379583332292178
1790522149002091800,339.353091796875,111.32930245809257,1.7981061973360586,12.024911650432475,57.65031361850343,100.73930230550468,47.24424205698622,2.6063684268618186,3,39.93024465736707,12.11618103324634
1790522150002111700,340.3531118164062,111.29014587029815,1.7888301137114218,12.300231272307158,57.65038401575644,100.70014571771026,47.02268055241827,2.4921816149399767,3,39.930388644865275,11.784019362919231
1790522151002133000,341.3531330566406,111.21979389339685,1.8141852194994728,12.678035895670794,57.65045659973816,100.62979374080896,46.571659446177,2.2587615290006475,3,39.93052886237574,11.594835489456734
1790522152002151400,342.3531513671875,111.24389823805541,1.7791643689245877,12.596236241033779,57.650529136209904,100.65389808546752,45.88586377122649,2.2998851176915647,3,39.93066417710277,11.444896503568238
1790522152999150800,343.3501508789063,111.282804553397,1.8043665711173427,12.793575548484633,57.650600279229984,100.69280440080911,47.13594797500339,2.233073996583256,3,39.93080239817641,11.427991913319834
1790522153999135500,344.3501354980469,111.32295993156731,1.7991042652981153,12.673389187925236,57.65067075570663,100.73295977897942,47.15125152668485,2.4833040837394003,3,39.93094419323559,11.502703505198255
1790522154999166000,345.350166015625,111.3788314126432,1.7867516309656444,12.699596085700286,57.65073956341965,100.7888312600553,46.846088773966414,2.9203683047919937,3,39.9310822788229,11.400173718706135
1790522155999151000,346.3501511230469,111.48200398497283,1.8054145429337587,12.7632529149207,57.65080882574729,100.89200383238494,47.31324785705696,3.194695127501039,3,39.931223016433215,11.461779114659551
1790522156999142100,347.35014208984376,111.38478163909167,1.8054751308353043,12.962339311972118,57.650877201737096,100.79478148650378,47.35735009098929,2.9456137260548023,3,39.93136029125715,11.286077160483776
1790522157999182300,348.3501823730469,111.3804760761559,1.8063634611265134,13.161068729773458,57.650945973510076,100.79047592356801,46.96066295895797,2.880920126903434,3,39.93149244123493,11.121166992469588
1790522158999177500,349.3501774902344,111.14205735269934,1.820748371163276,13.35708977192874,57.65101333352986,100.55205720011145,46.49415427875076,2.663373999680785,3,39.931625111220015,11.044965710725993
1790522159999172900,350.3501728515625,111.04012477677315,1.8296808217506202,13.631002750700068,57.651081538764245,100.45012462418526,46.37199013068365,2.364389448531172,3,39.93175162678386,10.875096283554198
1790522160999217200,351.35021704101564,110.89132030215114,1.8228323521818288,13.818148832006132,57.6511462958813,100.30132014956325,46.35852653216581,2.2031887096613603,3,39.93187790748702,10.682840204205485
1790522161999217200,352.35021704101564,111.10998770687729,1.8149834353583707,14.048214758849982,57.65121134782618,100.5199875542894,46.43302556162395,2.3315189671787744,3,39.932002879460214,10.465254484839637
1790522162999215000,353.3502150878906,111.18421456869692,1.8682767287501583,15.511085970137412,57.65127076503211,100.59421441610903,46.63156642126212,2.2124429151524474,3,39.93211991212984,9.758163850632432
1790522163999260200,354.35026025390624,110.94338721595705,1.8940104332646142,17.144648538647516,57.65132316586589,100.35338706336915,46.975748733341376,2.1231451907571435,3,39.932230173806424,8.917504162716213
1790522164999261000,355.3502609863281,110.87469328660518,1.9423804182352777,18.344982061342428,57.65137544427221,100.28469313401729,46.83598410258656,2.223547282791738,3,39.932332194077595,8.576718545727564
1790522165999262000,356.3502619628906,110.57839783653617,1.9557240551047703,19.56720631651639,57.65142496880099,99.98839768394828,47.09151560892293,2.6438276625933765,3,39.932429992572715,8.089880962525559
1790522166999308500,357.35030859375,110.28956566564739,2.0051108740312733,21.506612591574765,57.651469679085,99.6995655130595,47.46336219540582,2.812630675853345,3,39.93252145227892,7.5405473302773585
1790522167999354000,358.35035400390626,110.36478477250785,2.0255524575561425,22.903854650275075,57.65151426575975,99.77478461991996,47.386840262993495,2.5663249759642297,3,39.93260634849362,7.150300137245271
1790522168999397400,359.3503974609375,110.3706404902041,2.0402101297074546,23.98544226059537,57.65155703035209,99.7806403376162,47.1019781910453,2.8403864900646143,3,39.932686646083674,6.865155249066956
1790522169999440400,360.3504404296875,110.40978272538632,2.08883534694276,26.286402934652838,57.65159725927459,99.81978257279843,46.78312748717299,2.6994930561665473,3,39.93276031574291,6.408082494976475
1790522170999481600,361.35048168945315,110.25129645504057,2.122523224497291,28.971878561466664,57.65163450477885,99.66129630245268,46.65201992215402,2.548627519286268,3,39.932828282461934,5.893348082519486
1790522171999522300,362.3505222167969,110.1940856827423,2.2291342208895015,37.657337220965765,57.6516624593837,99.6040855301544,47.05137179450436,2.591157766492778,3,39.932883252379206,4.785821269212673
1790522172999562500,363.3505625,110.13833274319768,2.3346310817040066,48.95762758528398,57.65168374865088,99.54833259060979,47.55630262548178,2.5443406864206097,3,39.93292645503463,3.8027982104693687
1790522173999599000,364.35059912109375,110.01600433234125,2.493685840880497,76.22022546396755,57.65169435015881,99.42600417975336,48.55237982721738,2.589037179670068,3,39.93295233626394,2.600204709442716
1790522174999635700,365.3506357421875,110.02958985045552,2.52580710744308,117.03455342702817,57.65170306731049,99.43958969786763,48.95327486724606,2.6392167267914304,3,39.93297113018333,1.7341734650711778
1790522175999672000,366.3506721191406,109.86094408016652,2.5218682033515774,140.68108480191108,57.65170977284044,99.27094392757863,48.62087181244413,2.5752950604356935,3,39.932984111196276,1.3064094387687795
1790522176999707100,367.35070703125,109.88342699036002,3.718148848447269,180,57.65171134732162,99.29342683777213,48.62087687033369,2.522995523150345,3,39.932990055181406,0.8062661052019882
1790522177999742200,368.3507421875,109.92829286307096,3.7455144317022753,180,57.6517139295156,99.33829271048307,48.620885105313654,2.615800033536766,3,39.93299973349894,0.6878986056486817
1790522178999775500,369.350775390625,109.928869494237,3.7506086423173617,180,57.6517121018258,99.33886934164912,48.620887596740864,2.7133890751563805,3,39.93300257163766,0.33096491884029083
1790522179999808800,370.3508088378906,109.95163857936859,3.753746418526604,180,57.651711110436324,99.3616384267807,48.620887530295704,2.730386825315338,3,39.93300246008071,0.0435772115404194
1790522180999840500,371.3508405761719,109.9591160658747,3.7286736137768735,180,57.65170993838418,99.3691159132868,48.620887730027725,2.809651516780194,3,39.933002652246124,0.0662113965789323
1790522181999872800,372.3508728027344,109.88280722964555,3.7193519630398404,180,57.6517106056222,99.29280707705766,48.62088556552322,2.9084449038628213,3,39.9330001547809,0.05615120506262628
1790522182999903500,373.3509035644531,109.8318945299834,3.7671201832375023,180,57.65170975656342,99.24189437739551,48.620885636344944,2.934012859916431,3,39.933000207973066,0.09579717794444739
1790522183999934200,374.35093432617185,109.91855010110885,3.742534292991552,180,57.65170656609066,99.32854994852096,48.62088485832382,2.9337463844001643,3,39.932999191988976,0.032973273310632316
1790522184999964700,375.35096459960937,109.92223115637898,3.740308287373668,180,57.65170770651298,99.3322310037911,48.620885529186175,2.952104779118633,3,39.93300001250273,0.049940877471112366
1790522185999993300,376.3509934082031,109.9305220367387,3.745593498513765,180,57.651706541073814,99.3405218841508,48.620886237887085,3.0380000331964085,3,39.93300079756853,0.0413069463815477
1790522187000022300,377.3510222167969,110.00858935248107,3.7269540902249614,180,57.651706814214194,99.41858919989318,48.620887040351256,3.051949418433123,3,39.93300174142185,0.06106190827020699
1790522188000051500,378.35105151367185,110.01027699932456,3.719942607066663,180,57.65170641415099,99.42027684673667,48.62088822530486,3.0735958405236263,3,39.933003107454695,0.08245324412225401
1790522189000080100,379.351080078125,110.19112263899297,3.723263188498652,180,57.65170402014951,99.60112248640507,48.62089106821598,3.099567315785191,3,39.9330063353542,0.07111468073303777
1790522190000107800,380.35110766601565,110.21269900444895,3.718929833613155,180,57.65170368735028,99.62269885186106,48.620891085143754,3.0732209708198956,3,39.93300634359048,0
1790522191000135200,381.35113525390625,110.19503505993634,3.7428763896243087,180,57.65170213080941,99.60503490734845,48.62089234622327,3.0749857117707067,3,39.93300775839177,0.03109350884695337
1790522192000161500,382.35116162109375,110.16577233746648,3.7290133819695925,180,57.65170254532727,99.57577218487859,48.6208919533753,3.072530313051218,3,39.93300731523032,0
1790522193000188400,383.3511884765625,110.16577233746648,3.7401684959182124,180,57.65170254532727,99.57577218487859,48.6208919533753,3.1000175538676107,3,39.93300731523032,0
1790522194000215600,384.35121557617185,110.20505731739104,3.7427454810223058,180,57.65170224255563,99.61505716480315,48.62089286309393,3.1060098868735615,3,39.93300836411865,0.018721602318436364
1790522195000241700,385.35124169921875,110.18748283479363,3.7240531952347062,180,57.65170240102325,99.59748268220574,48.62089259406146,3.142894079215234,3,39.933008056306065,0.01786344788638343
1790522196000267300,386.35126733398437,110.16353306733072,3.743488201901953,180,57.65170184771878,99.57353291474283,48.62089370785281,3.1715278012235117,3,39.93300933418962,0.017628764047366612
1790522197000294100,387.35129418945314,110.04760776367038,3.7411171097909905,180,57.65170370042919,99.4576076110825,48.62089373236302,3.211035045486931,3,39.93300942661472,0.013987744198214783
1790522198000319000,388.3513190917969,109.92751346621662,3.7319446273891197,180,57.65170425910241,99.33751331362873,48.62089378138358,3.156978021915775,3,39.93300950296087,0.014603825143812737
1790522199000344300,389.35134423828123,109.85330790095031,3.7356407049259257,180,57.651704399704414,99.26330774836242,48.62089420964385,3.145826578322515,3,39.93301000649975,0.01092971423395781
1790522200000369700,390.35136962890624,109.83087282069027,3.7434856191828527,180,57.6517053586285,99.24087266810238,48.62089379251964,3.1411205347913858,3,39.93300955384151,0
1790522201000394200,391.3513942871094,109.75278949458152,3.7435936042013505,180,57.651703907255886,99.16278934199363,48.62089409445623,3.1000148970242147,3,39.93300985538841,0.015898420440149625
1790522202000420000,392.3514201660156,109.697864305228,3.739014546193447,180,57.65170524488592,99.1078641526401,48.62089353276201,3.145403642794129,3,39.93300924744289,0
1790522203000444000,393.35144384765624,109.697864305228,3.7312824756699983,180,57.65170524488592,99.1078641526401,48.62089353276201,3.1914406528914965,3,39.93300924744289,0
1790522204000468700,394.35146875,109.67139009665698,3.7427137202412246,180,57.651705436489976,99.08138994406909,48.62089405085644,3.226028775654386,3,39.933009857348395,0.009369991470316983
1790522205000493000,395.3514931640625,109.66812250670046,3.742312341499841,180,57.65170540294719,99.07812235411257,48.62089391553309,3.2692701859418696,3,39.93300969861357,0
1790522206000516900,396.35151684570315,109.66812250670046,3.7603083161280573,180,57.65170540294719,99.07812235411257,48.62089391553309,3.3082076811979926,3,39.93300969861357,0
1790522207000541700,397.3515417480469,109.66812250670046,3.7652561397277027,180,57.65170540294719,99.07812235411257,48.62089391553309,3.295590113129364,3,39.93300969861357,0
1790522208000565500,398.3515654296875,109.66812250670046,3.732637722246638,180,57.65170540294719,99.07812235411257,48.62089391553309,3.309757060805159,3,39.93300969861357,0
1790522209000589600,399.3515895996094,109.66812250670046,3.740761053309257,180,57.65170540294719,99.07812235411257,48.62089391553309,3.282791091846255,3,39.93300969861357,0
1790522210000612600,400.35161254882814,109.71163123194128,3.7313790542603367,180,57.65170648941615,99.12163107935339,48.620893676662035,3.2831618642741227,3,39.93300945792137,0.004815128233015108
1790522211000636700,401.35163671875,109.65449031628668,3.7417425316516053,180,57.65170613732662,99.06449016369879,48.62089473198512,3.282213592880291,3,39.933010674659315,0.005760424646913697
1790522212000660700,402.35166064453125,109.6533469054848,3.7632485246962615,180,57.65170611096387,99.0633467528969,48.620894645919705,3.31424331358169,3,39.93301057353079,0
1790522213000683800,403.3516838378906,109.61253578029573,3.7234022093771872,180,57.65170705918615,99.02253562770784,48.62089589397013,3.296705893323014,3,39.93301205952793,0.10993936283631132
1790522214000707000,404.35170703125,109.56686455756426,3.753409301795469,180,57.6517100824703,98.97686440497637,48.620900288063815,3.283456498488717,3,39.93301728050822,0.39828389594619273
1790522215000729900,405.35172973632814,109.53236211370677,3.749617567680084,180,57.65171388758992,98.94236196111888,48.6209071889943,3.2587042561591324,3,39.933025447550826,0.671264119461786
1790522216000754000,406.35175390625,109.54686033632606,3.7293692040322535,180,57.65171828736817,98.95686018373817,48.62091591218773,3.3123310723311623,3,39.93303575704465,0.8401831369609742
1790522217000777000,407.35177685546876,109.58824779372662,3.766284378371827,180,57.65172312549228,98.99824764113873,48.62092826198687,3.310523235094116,3,39.93305030467951,1.0375157224000637
1790522218000800300,408.35180029296873,109.63117383979261,3.7394156118542408,180,57.651726868699,99.04117368720472,48.6209434473937,3.436938098100888,3,39.933068116504046,1.3441457855721166
1790522219000822500,409.3518225097656,109.64726393856108,2.8014127939083915,107.59999849143445,57.65174477188654,99.05726378597319,50.28477097083875,3.5492552174696925,3,39.93309592925986,2.1093164694636473
1790522220000845800,410.351845703125,109.60272313840687,2.5021831412852142,72.57614234515678,57.651760975875256,99.01272298581898,52.19943601259084,3.4980464884464246,3,39.93313818338026,2.7931285425972403
1790522221000869000,411.351869140625,109.71162659302354,2.379921490011456,51.55177013405659,57.65178510209932,99.12162644043565,52.03765019627613,3.4931851357414088,3,39.93318875631288,3.7403767754650663
1790522222000891600,412.3518916015625,109.79554256238043,2.3116901892245774,44.49648251549279,57.65181055317769,99.20554240979254,51.97813328324253,3.440881756202086,3,39.93324592054571,4.208040096351502
1790522223000915000,413.3519150390625,109.91619467642158,2.2584832290703574,39.36427220809332,57.651838544502674,99.32619452383369,51.71961838615472,3.3688376563522016,3,39.93330575278343,4.648909901574951
1790522224000937000,414.35193701171875,109.96398511249572,2.205832789758892,34.5165353520882,57.65186771489236,99.37398495990783,52.0702889739658,3.3472379926388705,3,39.93337316390231,5.1757398511366555
1790522225000960800,415.3519606933594,109.93298776168376,2.1596619906696586,31.642680196942482,57.65189501289641,99.34298760909587,54.21056939954141,3.317390242478809,3,39.93345633294516,5.529703207225026
1790522226000983300,416.3519833984375,110.0814799843356,2.154157048188096,30.497178821212028,57.651922615117364,99.49147983174771,55.731754611840245,3.274435799702712,3,39.93353829036375,5.721602070426241
1790522227001006000,417.35200610351563,110.03056502062827,2.144798123161894,29.533025986380853,57.651950671009324,99.44056486804038,56.80241699374789,3.260722077049315,3,39.933622949525564,5.883320375530814
1790522228001028600,418.3520285644531,109.8351289788261,2.1377297722185173,29.754065467369806,57.65198200693911,99.24512882623821,56.590521815883925,3.1885702589126783,3,39.9337051206521,5.805241233377458
1790522229001051400,419.3520515136719,109.90552761219442,2.173072190605075,31.57469054706193,57.65200701851621,99.31552745960653,57.46499384526748,3.1613316395357822,3,39.93378518480149,5.569743654823615
1790522230001074000,420.35207397460937,109.9638526365161,2.178655065905325,33.57871915363898,57.65203221351647,99.3738524839282,57.77041509354611,3.117830537209989,3,39.933856420357344,5.246287305078934
1790522231001097200,421.35209716796874,110.20330660790205,2.2125415465519613,36.00155664960923,57.65205686705287,99.61330645531416,58.01982936097254,3.061939006334392,3,39.933926880048006,4.977866953170655
1790522232001119200,422.352119140625,110.44607003964484,2.240681445798879,38.356271100369455,57.65208055350733,99.85606988705695,58.23544383304552,3.0446569717416683,3,39.933993946240456,4.733484289187133
1790522233001141500,423.3521416015625,110.46995355654508,2.2725858519534157,40.62861055795825,57.6521021370004,99.87995340395719,58.75372209704986,3.0120959347211156,3,39.934058420900534,4.515119971316763
1790522234001164300,424.35216430664065,110.40412927791476,2.2914547138809995,42.78916983784708,57.652122883659025,99.81412912532687,59.17464526433237,2.961491143825228,3,39.934117949823616,4.298998206720583
1790522235001186300,425.35218627929686,110.26235817652196,2.312753348215762,44.61003125162845,57.652141278761704,99.67235802393407,60.32544796649476,2.9594227092333476,3,39.93418225352335,4.179152961925592
1790522236001209000,426.352208984375,110.17307688388973,2.263352969373967,38.37376725913967,57.65216182966289,99.58307673130184,60.80138629256698,2.975504931907536,3,39.93425377114151,4.692494757606445
1790522237001232100,427.3522321777344,110.11733711697161,2.2036593546180026,34.68337567475376,57.65218605135512,99.52733696438372,60.95211015480514,2.926729676581799,3,39.934335150148186,5.1059775164484416
1790522238001254100,428.35225415039065,109.91540914028883,2.226354909370907,36.82264451716296,57.65220804824286,99.32540898770094,60.84457159077436,2.952241743377182,3,39.93440696040304,4.898232701744578
1790522239001276000,429.35227587890626,109.83584005199373,2.247338173493684,37.91536938222718,57.65222707628712,99.24583989940584,61.29218835690536,2.9792226608024106,3,39.934478059715964,4.80274424091379
1790522240001299500,430.3522995605469,109.7608433412388,2.2311845310933447,37.7471742259668,57.65224866325248,99.1708431886509,61.394072070386116,2.953012343364944,3,39.934549422955236,4.789336557847288
1790522241001321700,431.3523217773438,109.6735248696059,2.2404202993044815,38.37178633340079,57.65226887251467,99.08352471701801,61.8403709782684,2.921191775926885,3,39.93462170722002,4.726895130061432
1790522242001344300,432.35234423828126,109.60501129273325,2.2659390796797743,40.81284826105828,57.65228687787721,99.01501114014536,62.60263604359633,2.916619663313521,3,39.9346906388171,4.4987146647935505
1790522243001366000,433.35236596679687,109.53523345477879,2.3043308686367014,44.593487107154075,57.652303433079844,98.9452333021909,63.50804369946771,2.939977838342269,3,39.93475128850111,4.18100575955728
1790522244001388800,434.3523889160156,109.53754682186991,2.330133463776229,47.30335526945315,57.652315205038704,98.94754666928202,67.51297348369066,2.892978965810631,3,39.934815298132435,3.9897871054300977
1790522245001411300,435.3524113769531,109.43985915370286,2.326418474769967,46.534106452862034,57.652310927913064,98.84985900111496,83.87464482039285,2.848330050457683,3,39.93488688356551,4.04997819420406
1790522246001433600,436.35243359375,109.35738002508879,2.2714838486583764,40.1140215477033,57.6522874987676,98.7673798725009,107.32681868448023,2.814424243878832,3,39.934967423027175,4.588236399500293
1790522247001455400,437.3524553222656,109.11930552311242,2.2670585850480207,40.272503154298924,57.65225140570468,98.52930537052453,129.15318086893762,2.7917476214976613,3,39.93502185109642,4.561081878902029
1790522248001479200,438.35247924804685,108.86660060659051,2.219269425567011,35.89950939656141,57.65220940225966,98.27660045400262,143.53649314082546,2.7521602782340397,3,39.9350681050472,5.008201830254159
1790522249001500700,439.3525007324219,108.835174664855,2.152609698971371,30.192403359503498,57.652159763767905,98.24517451226711,152.21574846763247,2.7228151685764876,3,39.935112467960984,5.774997835473136
1790522250001523500,440.3525234375,108.89643250219524,2.0743135693859642,25.28468570472435,57.652103184913784,98.30643234960735,154.46417024022404,2.7337613768517643,3,39.93516122091652,6.645879974124219
1790522251001545200,441.3525451660156,108.84622870478779,2.0159062296490644,22.087356961123348,57.65204119033814,98.2562285521999,154.90172584496173,2.6559107008552543,3,39.93521322120106,7.390197290962398
1790522252001567000,442.35256689453126,108.77850989997387,2.0136840000847904,21.53467488978578,57.65197904760682,98.18850974738598,154.19286134574912,2.6564443476832653,3,39.935270960356455,7.560197139789055
1790522253001589800,443.35258984375,108.99394117109478,1.988538632124486,20.62202765494232,57.65191565595683,98.40394101850688,153.24844504525697,2.6486944201233604,3,39.93533518745973,7.809867732122298
1790522254001612500,444.3526125488281,109.01121252775192,1.965150503069713,19.451045877473398,57.65184745316385,98.42121237516403,152.73428735064493,2.456923471911571,3,39.93540378618408,8.180349120225388
1790522255001634000,445.3526340332031,109.06685492116958,1.9398496057278232,18.781057757141415,57.65177858984685,98.47685476858169,152.67616007879414,2.792887616670192,3,39.93547119168866,8.363985089571491
1790522256001656600,446.3526564941406,109.30217192415148,1.942016642853786,18.426786634884145,57.65170911820569,98.71217177156359,153.30652644224529,2.7138220552752794,3,39.93553135560161,8.537029718254885
1790522257001678800,447.35267895507815,109.5656859036535,1.9437068784714158,18.28708590338101,57.65163866771905,98.97568575106561,153.69006345687072,2.4682440479637933,3,39.935595723407275,8.611674624906128
1790522258001701400,448.35270141601563,109.69025846943259,1.9225808599008092,18.148187737682466,57.65156494449966,99.1002583168447,154.35257856085875,2.373419595040234,3,39.935655119714546,8.571080641316742
1790522259001723600,449.3527236328125,109.92363750841469,1.9515055418485092,19.090982590162355,57.65149902476163,99.3336373558268,154.15054360882323,2.2741153717240055,3,39.935717127817526,8.278386018653613
1790522260001746200,450.35274609375,110.13168258685619,1.9487523101795658,19.646655983335968,57.65143415199316,99.5416824342683,153.9253441774954,2.454613233361508,3,39.93577720862423,8.030408611595995
1790522261001768700,451.35276879882815,110.38048004359007,1.982365494455584,20.681613119537033,57.65137402962651,99.79047989100218,153.53891606295358,2.502400648504587,3,39.935836126503126,7.7466059492996715
1790522262001790000,452.3527900390625,110.76672340091318,1.969426535491796,19.836204393492867,57.6513118792908,100.17672324832529,153.23891253188495,2.58009403459439,3,39.93589796315821,8.014599613779088
1790522263001812700,453.35281274414064,111.06152282375842,1.9632078761726908,19.604743674494728,57.651248453824124,100.47152267117053,153.06672825787862,2.6648591876107863,3,39.93596101963554,8.037300099067597
1790522264001834800,454.35283471679685,111.33352419454604,1.971198036071734,19.97333744895785,57.65118926026199,100.74352404195815,152.85357747110967,2.524748587666366,3,39.93602264781219,7.926717145086359
1790522265001857500,455.352857421875,111.4302406636998,1.9754986837765727,20.244955430363746,57.651127868351416,100.84024051111192,152.6874485920355,2.375564788303449,3,39.93608484349563,7.874613396226288
1790522266001878800,456.3528786621094,111.53975987434387,1.970509307902804,20.046207697423615,57.65106659993333,100.94975972175598,152.47636079765527,2.2658509044599575,3,39.93614674361883,7.926267588679319
1790522267001901000,457.3529011230469,111.76691212691367,1.9739503529369282,19.499509804865976,57.651000189873685,101.17691197432578,152.35405096924515,2.2949834390269803,3,39.93621446606626,8.153104861497908
1790522268001924600,458.35292456054685,111.91106714401394,1.9679670219111522,19.939161523735688,57.65093549010126,101.32106699142605,152.7073523457744,2.1973629902135348,3,39.93627668198931,7.978815066980332
1790522269001945900,459.35294580078124,112.044986047782,1.9763693371361675,20.20534743456976,57.650872722266655,101.45498589519411,153.15506357386272,2.149258587335517,3,39.936337472960695,7.865176447169217
1790522270001968400,460.3529685058594,111.95814975723624,1.9902702006813628,20.790482915103468,57.65081260877507,101.36814960464835,153.66050299858338,2.458134740551701,3,39.936389648276034,7.702240838122479
1790522271001991000,461.3529909667969,111.84080767631531,1.9790524162975447,20.390278811426533,57.650747153245234,101.25080752372742,153.79262585275376,2.3126803832792144,3,39.93644602372584,7.836889337616606
1790522272002012200,462.35301220703127,111.66248279996216,1.97059745916985,19.9582107530934,57.650682437312135,101.07248264737427,153.92649697949147,2.4424028717479414,3,39.936503207224035,7.978053210193754
1790522273002034700,463.35303466796876,111.47811773233116,1.9596149790223052,19.384605990674295,57.650617142690855,100.88811757974327,153.89263948326644,2.508046193437459,3,39.9365636835604,8.191173963873057
1790522274002057000,464.35305688476564,111.49794806074351,1.9323680387301032,18.15900867458287,57.650543303711665,100.90794790815562,154.149834249528,2.33450739129447,3,39.936625707786085,8.595960875080852
1790522275002079700,465.3530798339844,111.25341552030295,1.9196597310439005,17.624329210083488,57.65046851584693,100.66341536771506,154.40491446595092,2.2681777902060363,3,39.93668788426362,8.822649631102403
1790522276002102000,466.3531020507813,111.2661083061248,1.9150969725567424,17.357959589097597,57.65039578412928,100.67610815353692,154.38536085952038,2.1733768564310325,3,39.93675322703525,8.938578136461285
1790522277002124300,467.35312426757815,111.1891194107011,1.9142781279258898,17.280664072984738,57.65032058536669,100.5991192581132,154.3741260423093,2.4549474252923495,3,39.93681643072277,8.975180149323133
1790522278002145500,468.3531455078125,111.20687186252326,1.911065093483773,17.081299890712355,57.650246055626255,100.61687170993537,154.18488211401495,2.6543186305670283,3,39.936879515927195,9.064446199068671
1790522278999352300,469.3503522949219,111.0870451182127,1.8876276827382696,16.243392504538964,57.650167501160844,100.49704496562481,154.2276268184542,2.822841609499896,3,39.936945904930624,9.416123366382262
1790522279999348700,470.3503486328125,110.64989553857595,1.8890411406141983,16.07248385493736,57.65008681941249,100.05989538598806,154.3969788830838,2.506396772719032,3,39.93701597294509,9.523035434256698
1790522280999377000,471.350376953125,110.26742477435619,1.9025492947509852,16.115050997882772,57.650008885432065,99.6774246217683,153.8999050400684,2.3132807819467924,3,39.937088254183415,9.5588584200678
1790522281999373800,472.3503737792969,109.97589703090489,1.882885554669734,15.869659151871359,57.64993234208387,99.385896878317,153.53724831715212,2.1953979684716103,3,39.93716048625605,9.597438003622054
1790522282999375400,473.35037524414065,109.64057226199657,1.8839907347616107,15.81679198730256,57.649857215614674,99.05057210940868,153.52787936670617,2.123493019830901,3,39.93722980126187,9.617002134103522
1790522283999410700,474.3504106445312,109.50804093573242,1.8790341520575173,15.768431017548357,57.64978353096411,98.91804078314453,153.41527541642196,2.0780788399007486,3,39.93730396341767,9.637004536253434
1790522284999411500,475.3504113769531,109.25214725360274,1.8575465957008113,15.319789610301438,57.64970535821045,98.66214710101485,153.53765392769205,2.0482649298810713,3,39.93737895450185,9.769736075397256
1790522285999411200,476.3504111328125,109.44174638483673,1.870732581482987,15.376184651983237,57.64962909274721,98.85174623224884,153.74982613664852,2.030392664797802,3,39.93744889121623,9.838283579276707
1790522286999449600,477.35044970703126,109.55801799055189,1.9013121854524442,16.036491841912532,57.649554589776166,98.968017837964,153.80130996851224,2.1216924730366005,3,39.93751657424894,9.598878309575433
1790522287999455000,478.350455078125,109.5450921934098,1.9062672729294106,16.428803595922577,57.649480171228234,98.95509204082191,153.37855059876688,2.6204021031579043,3,39.93759094067144,9.38916882685394
1790522288999459300,479.3504592285156,109.47785037197173,1.873907354188401,16.6128359886958,57.649409450942684,98.88785021938384,153.35355229998837,2.759095759190679,3,39.93765983500243,9.13174920028623
1790522289999500300,480.3505002441406,109.4970335913822,1.8989003376203355,17.283762867474653,57.649336261423336,98.90703343879431,153.97665598121102,2.710983541779595,3,39.93772555531546,8.89991664665099
1790522290999501800,481.3505017089844,109.51233195606619,1.9184005789040441,17.96308786657773,57.64926564346183,98.9223318034783,154.09303168329285,2.4561975578908366,3,39.93779022531947,8.649067520314619
1790522291999503000,482.35050317382814,109.45434372499585,1.9409834313024807,18.67146566704444,57.64919750316829,98.86434357240796,153.81696756158308,2.5089005907540862,3,39.937858621497455,8.411310716100305
1790522292999544000,483.3505439453125,109.37578209862113,1.9527270510009316,19.29059229809321,57.64913079005223,98.78578194603324,153.16939408471944,3.2932924492398072,3,39.93792159740585,8.199012897809052
1790522293999583200,484.35058325195314,109.57082846388221,1.9768579548813676,20.06689910844464,57.649064014432206,98.98082831129432,153.30054162937702,3.0937890679121027,3,39.93797843936738,7.981270287788994
1790522294999623000,485.3506228027344,109.54168816283345,1.9938283690481728,20.737890330060996,57.648998864059074,98.95168801024556,152.97631279297954,2.7271231403072838,3,39.938038257636315,7.712179424452236
1790522295999660000,486.3506599121094,109.87135446071625,2.0151214306264125,22.134726762894935,57.648941239893766,99.28135430812836,152.8463332992312,2.504897606583669,3,39.93809321927272,7.3745967932004595
1790522296999697200,487.350697265625,110.08696039300412,2.0338550686123513,23.2218916998951,57.64888457857143,99.49696024041623,152.33760826161796,2.352332556480624,3,39.93815022160759,7.096101347045962
1790522297999732200,488.35073217773436,110.41157896444201,2.043912171810389,24.030313557183586,57.64882649970109,99.82157881185412,152.9090173014337,2.8998567519857064,3,39.938198705249846,6.891923045658118
1790522298999767300,489.3507673339844,110.93561529088765,2.0621646262625632,25.045321184642404,57.64877091888045,100.34561513829976,154.05835660085575,2.6447166047997843,3,39.938242271997126,6.667727875097124
1790522299999802000,490.3508020019531,111.09329030197114,2.090196390118669,26.23680518296995,57.64871766238249,100.50329014938325,156.77385375665207,2.5164646250439504,3,39.938279479089715,6.454211193059096
1790522300999836000,491.3508359375,111.21399791445583,2.114095615057301,28.46590985609552,57.6486660925249,100.62399776186794,159.77112580472172,2.8462460238044924,3,39.938311791098606,6.006335773778474
1790522301999869000,492.35086889648437,111.40148416068405,2.1870959180901264,33.20643382311442,57.64862142191869,100.81148400809616,161.44651125524402,2.7346071059283634,3,39.93833828499651,5.3332527677995065
1790522302999901700,493.35090161132814,111.4602546133101,2.2849837722555533,42.80766511247249,57.64858744002854,100.87025446072221,161.4240129766082,2.7005475796245557,3,39.938359948227905,4.312918502865644
1790522303999934200,494.35093432617185,111.58948077540845,2.3854326465424918,57.646175505647186,57.64856369595398,100.99948062282056,159.19916353053952,2.6129791291913587,3,39.9383797682376,3.3223650543790963
1790522304999965200,495.35096508789064,111.71837447304279,2.5299863921394707,87.58900126833957,57.64854771991142,101.1283743204549,156.57032968124676,2.8295836694063023,3,39.9383957943465,2.2693317930826638
1790522305999996000,496.3509958496094,111.66434733942151,3.6843175471831353,180,57.648545584162456,101.07434718683362,154.77198327004368,2.9287425989486424,3,39.93839838488555,0.6852147644419907
1790522307000027100,497.3510270996094,111.61193772032857,3.7186276326831638,180,57.64854547547871,101.02193756774068,154.7719781637016,2.914651056178191,3,39.93839274996408,0.047323087012953076
1790522308000057300,498.3510573730469,111.9826977122575,3.722004835709006,180,57.648543080144854,101.39269755966961,154.77197175673444,2.8798405289424305,3,39.938385812480995,0.08560926397133571
1790522309000086800,499.35108666992187,112.05462729465216,3.712359345523272,180,57.64854139968543,101.46462714206427,154.77196890756974,2.8801500189265985,3,39.93838276353875,0.07717218951448147
1790522310000116200,500.3511162109375,111.90837649162859,3.7205496122880275,180,57.6485411351607,101.3183763390407,154.77196799643622,2.965099191880678,3,39.938381772489464,0.04729457098123465
1790522311000146200,501.35114624023436,112.06122353300452,3.7270803810843756,180,57.64853862839818,101.47122338041663,154.77196262728813,2.957283193325083,3,39.938375988097654,0.05358305820002167
1790522312000174300,502.35117431640623,111.9132393533364,3.697405235248052,180,57.64854018769025,101.3232392007485,154.77196066914598,2.924158694497598,3,39.93837373321503,0.02858106728474397
1790522313000202800,503.35120263671877,111.95661926455796,3.706912304795118,180,57.648538759543186,101.36661911197007,154.77195871976554,2.999720559560844,3,39.93837166350109,0
1790522314000231200,504.35123120117186,111.92474878858775,3.6943790763192337,180,57.64853735101671,101.33474863599986,154.77195874581815,3.0641075027769378,3,39.93837177502325,0.015514288931488759
1790522315000258800,505.3512587890625,112.109131725505,3.719735884254003,180,57.64853592122612,101.5191315729171,154.77195443205264,3.097052444969835,3,39.93836709331686,0.022501388615048246
1790522316000286500,506.3512863769531,112.0066204406321,3.717051749478412,180,57.64853523778292,101.41662028804421,154.77195444445294,3.1136183745572863,3,39.93836714716336,0
1790522317000317700,507.3513176269531,112.0066204406321,3.7176856611188835,180,57.64853523778292,101.41662028804421,154.77195444445294,3.1885110634555733,3,39.93836714716336,0
1790522318000341500,508.35134155273437,111.96696113888174,3.7325120838263808,180,57.64853256098837,101.37696098629385,154.77195209727952,3.2149155149441597,3,39.93836471133036,0.011611927601188982
1790522319000368600,509.35136865234375,111.97025004029274,3.7242383473652985,180,57.648532322518726,101.38024988770485,154.77194900085277,3.1541697391892933,3,39.93836130451575,0.009953315385209776
1790522320000395300,510.35139526367186,111.98319595959038,3.710963833095175,180,57.64853150953951,101.39319580700248,154.77194872375148,3.173530009850672,3,39.93836104614037,0.005647474289432425
1790522321000422000,511.351421875,111.78987041581422,3.718826980215763,180,57.648532623495164,101.19987026322633,154.7719500134508,3.2485890566415367,3,39.93836240551823,0.01525953907243124
1790522322000448800,512.3514487304687,111.78881310485303,3.7155347696085537,180,57.648532692335166,101.19881295226514,154.77194996235156,3.20481717629518,3,39.93836234502176,0
1790522323000474600,513.351474609375,111.80983151495457,3.7483323904079793,180,57.648531736203154,101.21983136236668,154.7719490636223,3.1985822817762974,3,39.93836140830285,0.03321397261142776
1790522324000501000,514.3515009765625,111.91036539431661,3.7210935876821543,180,57.64853119369545,101.32036524172872,154.77194621580554,3.161774913485412,3,39.93835829400373,0.023611570371006266
1790522325000527600,515.3515275878906,111.89666871353984,3.7220047219215746,180,57.648530791487254,101.30666856095195,154.77194577870443,3.2033216030851834,3,39.93835783473652,0.01806380545703186
1790522326000553200,516.3515532226562,111.85632973350585,3.734957264178253,180,57.648530601173945,101.26632958091795,154.77194568662702,3.1839413666808496,3,39.93835774419212,0.014172817714405197
1790522327000579000,517.3515791015625,111.89534077420831,3.7322110704003735,180,57.64852955544348,101.30534062162042,154.7719457033994,3.156623165686649,3,39.93835782415036,0
1790522328000604700,518.3516047363281,111.91188417840749,3.719234421838335,180,57.64852800213201,101.3218840258196,154.7719474062026,3.1719192456598786,3,39.93835979659242,0.16711991290271416
1790522329000630000,519.3516301269531,112.05877345241606,3.697107252388094,180,57.64852146038065,101.46877329982817,154.77195392048552,3.1443200146007544,3,39.93836737762044,0.8033797754985402
1790522330000655000,520.3516550292969,111.85648787114769,3.7212393882035353,160.5031974332075,57.64850531251159,101.2664877185598,154.7719736945741,3.1038763491830235,3,39.938390171900416,1.8644253525183192
1790522331000681000,521.3516809082031,111.63610842358321,2.497052143395916,69.588223680965,57.64848415461291,101.04610827099532,143.39293585737533,3.048682541055764,3,39.93842873534604,2.898872920320924
1790522332000706600,522.3517065429687,111.4333966942504,2.3404253186708717,46.24786097823756,57.64845456517128,100.84339654166251,142.0815451617689,3.0196629361510245,3,39.93847754147987,4.086584101295527
1790522333000732000,523.3517319335938,111.35428137425333,2.2292531503309148,34.995935831464955,57.64841354168536,100.76428122166544,142.44283363098387,2.968679799211317,3,39.938532298809704,5.136683177161503
1790522334000756200,524.3517561035156,111.16267701331526,2.1451092505312888,29.158115674883565,57.64836829537879,100.57267686072737,142.98098745992135,2.9202458062037557,3,39.93859831409323,5.941883710749613
1790522335000781600,525.3517814941406,111.1770410547033,2.1199801706504813,28.001455126535284,57.64832514523545,100.5870409021154,144.21811689332208,2.9760642313217454,3,39.938657580919156,6.133587260163386
1790522336000807200,526.3518071289062,111.06153156701475,2.1008948021962155,26.79598533786026,57.64827538770729,100.47153141442686,146.45941919505879,3.079858963068219,3,39.93871835552215,6.306020358139154
1790522337000831500,527.3518315429687,111.00683799292892,2.119507866396601,27.7664967717071,57.648222387385765,100.41683784034103,149.59620452212638,2.9856144645268237,3,39.93876842016362,6.169900579197321
1790522338000856000,528.3518559570313,111.1420980701223,2.074436258231215,24.79077352842576,57.64816678413188,100.55209791753441,151.68559891187954,2.9054674257829354,3,39.93881925554857,6.742017760603767
1790522339000880600,529.3518806152343,111.11878064554185,2.0524174080221296,23.05945752447577,57.6481083283494,100.52878049295396,152.72150183517704,2.8388221162641596,3,39.938872856316415,7.198034292184564
1790522340000905700,530.3519057617187,111.11479769274592,2.007772013961152,20.80528830429218,57.64804510590589,100.52479754015803,153.48737441145514,2.696724309500563,3,39.93892609936911,7.802791626093199
1790522341000930800,531.3519309082031,111.12775174062699,1.9412140388341457,18.87191348980934,57.647980545243335,100.5377515880391,153.43169653818518,2.7356660332944074,3,39.93898619872028,8.333391412814056
1790522342000954600,532.3519545898438,110.85387417301536,1.9529748203970265,18.841527629838318,57.64791695414547,100.26387402042747,153.34928607831012,2.754537896813802,3,39.93905059559537,8.39633851604457
1790522343000980000,533.3519799804687,110.74976283404976,1.9369394931702293,17.986686039505567,57.64784994496424,100.15976268146187,153.5045102205827,2.7921682162010506,3,39.93911576875797,8.72370107261876
1790522344001004300,534.3520043945313,110.62069248966873,1.9027851609129807,16.69797935534983,57.64777605627179,100.03069233708084,153.71143925142223,2.545765117251202,3,39.93918313107059,9.226023126083263
1790522345001028600,535.3520285644531,110.74579216819257,1.8480260474113508,15.337993278706842,57.64769115904626,100.15579201560467,154.8563543685295,2.847034418618461,3,39.93924500676917,9.759058976481853
1790522346001054000,536.3520539550781,110.70082542579621,1.8659873276725385,15.247304054594807,57.64760700274385,100.11082527320832,156.2074858896273,3.0894185768390474,3,39.93930412049648,9.90602919749566
1790522347001078000,537.352078125,111.00902568548918,1.8589122394261934,15.019613074885937,57.64752161469814,100.41902553290129,156.88800243921924,3.369637701112317,3,39.93936628004379,10.02543685438811
1790522348001102000,538.3521020507812,110.99703052546829,1.8557616068578628,14.910503329617502,57.647436188548745,100.4070303728804,156.6715801904142,3.6700846423359383,3.197190207607453,39.93943196535019,10.082738117982498
1790522349001126400,539.3521264648438,110.5513172224164,1.887917358489846,15.352784403254946,57.647355353096025,99.96131706982851,155.19285270271774,3.4409966793787783,3.00467354006692,39.939507195283525,9.961733897265116
1790522350001151000,540.3521508789063,109.972610803321,1.856679097592571,14.797486770495597,57.64727587078866,99.38261065073311,153.49488725422918,2.8281240448451235,3,39.939587645495514,10.164364438764808
1790522351001175800,541.35217578125,109.41786541324109,1.8580685896450089,15.039254148044174,57.64719572348295,98.8278652606532,152.46225745922897,2.4674049283661192,3,39.93967113979442,10.010430918081646
1790522352001199600,542.3521997070312,109.15905918553472,1.8419245176496224,14.813374442310462,57.64711617581511,98.56905903294683,151.29235913749753,2.351002884505326,3,39.93975675171435,10.071081742140223
1790522353001224400,543.3522243652344,108.77717607375234,1.839412890973837,14.842636158124062,57.64703980554581,98.18717592116445,150.14186042454457,2.6210905896878502,3,39.93984412985247,10.040878660972
1790522354001248000,544.352248046875,108.40906696859747,1.8685294348791197,15.285966692613831,57.6469622914188,97.81906681600958,150.59783204422848,2.5835388633983265,3,39.9399284843214,9.904774412410012
1790522355001272600,545.3522724609375,108.16859256103635,1.869064924155952,15.142454050564906,57.646878906791784,97.57859240844846,153.15115010779846,2.5717723073725294,3,39.94000315659292,10.001182845461555
1790522356001297000,546.352296875,108.23986473493278,1.8853140601824725,15.542163354839406,57.64679714201778,97.64986458234489,156.06899671466184,2.652053642460641,3,39.94006681552436,9.829004830065761
1790522357001321000,547.3523210449218,108.05623465031385,1.890238023758089,15.469426952545303,57.646714224253415,97.46623449772596,157.64197357318966,3.262628316342891,3,39.9401278383198,9.89639514033275
1790522358001345300,548.3523452148437,108.05657647922635,1.8379698996103941,14.8263886572102,57.64662928432519,97.46657632663846,158.75203518331344,3.5270730698956747,3.127947727946805,39.94018985621492,10.044022082064485
1790522359001369600,549.3523696289062,108.44242696557194,1.841593738534644,14.776639964286808,57.646544960152575,97.85242681298405,159.01015778445864,2.9018805307634468,3,39.94025422071298,10.095682158677672
1790522360001394200,550.3523942871094,108.35272687021643,1.8471370086005432,14.971066163531246,57.6464592175591,97.76272671762854,159.6803019717662,3.1502031040018132,3,39.94031089067339,9.99714343163581
1790522361001418200,551.3524182128906,108.42355783469975,1.8615800454317806,15.370930543797694,57.64637740985087,97.83355768211186,160.013785528709,2.8950458485036714,3,39.940368691740844,9.81336961574233
1790522362001442600,552.3524426269531,108.40722776949406,1.9003031674027042,16.02197770836513,57.646292382188335,97.81722761690617,162.32686149812608,2.6442411159881156,3,39.94040906995732,9.610464569829254
1790522363001466400,553.3524663085938,108.47118522319943,1.8813887508584048,16.054345756710575,57.64620781954176,97.88118507061154,164.08320727206805,2.5835312295995876,3,39.94044637814297,9.490186301641133
1790522364001490700,554.3524907226563,108.57944991439581,1.8851771201114182,15.707148349871684,57.64612346981349,97.98944976180792,164.7436844636141,2.9121881116715684,3,39.94048562108749,9.724265092157436
1790522365001514500,555.3525144042969,108.95360034517944,1.885442555700465,15.127039241333849,57.64603487899793,98.36360019259155,164.89664633730163,3.3111255737196235,3,39.94053011679031,10.097288794838047
1790522366001538800,556.3525388183593,109.06528602074832,1.8563484137411128,14.43787585357422,57.645943641316805,98.47528586816043,165.3987583785023,2.7699983480681887,3,39.940575774841726,10.417412601933151
1790522367001562600,557.3525627441406,109.09546673577279,1.8460302193630806,14.59394212830913,57.64585589201277,98.5054665831849,165.72907708876005,3.168786470625448,3,39.94061646031003,10.24555889931758
1790522368001587200,558.3525871582032,109.00858200341463,1.8711591202661602,14.861878883757171,57.64576850719426,98.41858185082674,165.6367027891364,2.664710989781326,3,39.94065876676954,10.201742403702495
1790522369001610200,559.3526103515625,108.9948182431981,1.8723643506605079,14.699313890949774,57.645680771398226,98.4048180906102,165.59756379818913,2.379058770760086,3,39.94070265384704,10.317462500650482
1790522370001634600,560.3526345214843,109.10319787450135,0.3080077398619355,7.257181083267225,57.64558653123578,98.51319772191346,165.60976491193307,2.4714981832696012,3,39.94074866114241,10.563013800886912
1790522371001659100,561.3526591796875,109.51698291674256,0.30799061986906057,7.255750257680568,57.64549703827609,98.92698276415467,166.0300544367119,2.609467813655665,3,39.94079454958862,10.403174824487532
1790522372001683200,562.3526831054687,110.01852369401604,0.30789720256163483,7.258974374755721,57.64541157514306,99.42852354142815,164.89932334487216,2.3487660064759455,3,39.94084086040484,10.33863639715401
1790522373001707000,563.35270703125,110.35927649307996,0.2971255969178775,7.258142609282235,57.64531917435137,99.76927634049207,164.8143431677151,2.381079432116768,3,39.94088702312651,10.50901504618214
1790522374001730800,564.3527307128907,110.77725430764258,0.2936937365674356,7.257790556229695,57.64523258237681,100.18725415505469,165.7934154901247,2.217103192066539,3,39.940929864872096,10.365091138605113
1790522375001755400,565.3527553710937,111.18638686276972,0.2935792192268414,7.257899157043592,57.64514265143946,100.59638671018183,166.211763428225,2.128739421919205,3,39.94097095523243,10.18083121506419
1790522376001779500,566.3527795410156,111.61361840832978,0.2887422017646383,7.2575288278395,57.64505872573044,101.0236182557419,164.49326555762812,2.384759175425394,3,39.9410157212021,9.871094587340385
1790522377001802500,567.3528024902344,112.04369368497282,0.27821932525865567,7.256763103834896,57.644979495254994,101.45369353238493,160.95244143387438,2.4083625327232796,3,39.941067616526624,9.670821991119984
1790522378001827300,568.3528273925781,112.4651029324159,0.27515112622953747,7.255359672487032,57.644903882630246,101.87510277982801,155.73220294744593,2.240351266136594,3,39.941135639905866,9.64904903475489
1790522379001851100,569.3528510742187,112.65158956963569,0.16464938588954547,7.216332339893695,57.644828993266586,102.0615894170478,150.24176593515563,2.982421008145915,3,39.94122077179775,9.402731314329285
1790522380001875500,570.3528754882813,112.35746516659856,0.2847101271900672,7.256855496777379,57.64475006675247,101.76746501401067,147.41570679016274,3.3046850204577787,3,39.94131329564266,10.03483727685639
1790522381001899800,571.3528996582031,112.11224524490535,0.27258583892646243,7.252789447841033,57.64467365016411,101.52224509231746,146.93186069542693,2.924549734776124,3,39.94140657506283,10.058671482961609
1790522382001923600,572.3529235839844,111.7033061562106,0.23331746665278816,7.234487654758324,57.64459231527998,101.11330600362271,147.26472560943594,2.8531347690888396,3,39.94149887507963,10.345426980785591
1790522383001947600,573.3529477539063,111.28183609806001,0.26245086217241526,7.25317386533554,57.64450851010341,100.69183594547212,146.9513264133071,2.591899696689665,3,39.941595336831696,10.35577419756613
1790522384001971200,574.3529711914063,110.99992746766657,0.23198414477046586,7.245370601029529,57.64443019022622,100.40992731507868,145.4924153190166,2.8284771717573656,3,39.94169704155042,10.428361772802585
1790522385001995000,575.3529951171874,110.56462249625474,0.30800817783779233,7.258974518648901,57.64434732262543,99.97462234366685,146.3236633924786,2.5618509242914405,3,39.94179855790332,10.49015830510654
1790522386002019300,576.3530192871094,110.08373706415296,0.3080140241168758,7.25871310789158,57.644271874932386,99.49373691156507,146.7064833321275,2.314728719191513,3,39.94189666369767,10.236196568479384
1790522387002043000,577.35304296875,109.62163060996681,0.307992630767887,7.255081609875806,57.644196881542854,99.03163045737892,146.3381980976914,2.992845838922154,3,39.94199214422468,10.089088868689409
1790522388002066700,578.3530666503906,109.23195811454207,0.3080133231609632,7.2585458955961615,57.644123517448115,98.64195796195418,145.20271616465882,2.8478065236707795,3,39.94209302038177,9.97970287824353
1790522389002091500,579.3530915527343,108.77080101240426,0.30797543876385935,7.251601059085307,57.64405031562364,98.18080085981637,147.24311221189507,2.8423429131819367,3,39.94218308925581,9.965865277953746
1790522390002115300,580.353115234375,108.73594714328647,0.3080045955244921,7.256878471024183,57.643970083282504,98.14594699069858,148.66383885656253,2.7358279089682265,3,39.94227555075706,10.455921025028484
1790522391002139600,581.3531396484375,108.86360594257712,0.27364899244715013,7.254669021859919,57.64389853818529,98.27360578998923,145.1944184430513,3.755911608480161,3,39.94237585731625,10.561953596827992
1790522392002163000,582.3531628417969,109.30114879924804,0.307575945371707,7.0472443128656685,57.643823590961176,98.71114864666015,142.94762869417383,3.5220569235476575,3,39.94247938136284,10.744686177148047
1790522393002187300,583.3531872558593,109.13723481539637,0.10656964499700201,7.234410453214896,57.643737398642465,98.54723466280848,144.57561196969638,3.120865680371278,3,39.942584308027975,11.73995364191481
1790522394002210600,584.3532104492188,109.10509594902396,0.30801466691722856,7.25850802002401,57.643658703334836,98.51509579643607,146.67018205480667,2.6962325660159343,3,39.94268298154111,11.405664810409315
1790522395002235400,585.3532353515625,108.8317939620465,0.3078441344237178,7.21268980630117,57.64355777685565,98.24179380945861,145.6199188232422,3.2916384064536315,3,39.94275258183038,11.20585095217386
1790522396002259200,586.3532592773438,109.15018085204065,0.21893624674503273,7.214717655980844,57.6434673950771,98.56018069945276,145.6518096923828,3.0667146920444446,3,39.94286784647764,11.588455499021654
1790522397002284000,587.3532839355469,108.6682227384299,0.30796561489781266,7.247164728506277,57.64339007442799,98.07822258584201,145.8462371826172,3.183569253741246,3,39.94299999823616,11.289930504612574
1790522398002306800,588.3533068847656,108.59086107090116,0.3080155071876377,7.258929507129836,57.643308909488916,98.00086091831326,145.09750366210938,2.8777076419285854,3,39.9431018438491,11.035480888069744
1790522399002331000,589.3533308105468,108.21231628023088,0.2993750718843841,7.258587506120408,57.643226404637915,97.62231612764299,145.2138214111328,2.7467089349489604,3,39.943204574307394,10.972169626342723
1790522400002355200,590.3533552246093,108.02580488007516,0.263839629927195,7.242413970207318,57.6431458548439,97.43580472748727,145.2057647705078,2.8174826771201706,3,39.94330728175131,10.853145141804944
1790522401002379000,591.35337890625,107.63395207095891,0.26467946748041044,7.240684005016566,57.643065189801135,97.04395191837102,145.57167053222656,3.7704648631584248,3,39.94340459726973,10.651963969635293
1790522402002403000,592.3534030761718,107.2019459689036,0.2993859288695,7.2585279964315195,57.64298637179294,96.61194581631571,145.86766052246094,3.0616219192553964,3,39.94350629755182,10.603807543459967
1790522403002427100,593.3534272460937,106.66723192855716,0.30782939939896287,7.195503706597298,57.64291227235941,96.07723177596927,144.8007049560547,2.599334743632051,3,39.94359969281056,10.14917386129791
1790522404002451500,594.3534514160157,106.10972418449819,0.307131657087036,6.886312962535853,57.6428328539083,95.5197240319103,144.8007049560547,2.6635623026900896,3,39.94369802392175,10.245969267792573
1790522404999818500,595.3508186035157,105.88979101739824,0.30712824290358265,6.540219181443046,57.64276319757281,95.29979086481035,144.8007049560547,2.3762140133511602,3,39.94379032769829,9.618412791768021
1790522405999796500,596.3507963867188,106.01003807224333,0.3076468946443004,6.986386847409062,57.642695352887834,95.42003791965544,144.70175170898438,2.7870307836210126,3,39.94387531053451,9.367951333742953
1790522406999821600,597.3508215332031,105.87287998851389,0.30759443099408545,6.895130427011932,57.642631447546435,95.282879835926,144.70175170898438,2.5303884982683784,3,39.94395760054342,8.873476015800827
1790522407999801000,598.3508010253906,105.73479473870248,0.3072882545012653,6.403458703319025,57.64257650021199,95.14479458611459,144.80816650390625,2.6646984779267395,3,39.944031544476104,8.14881198116341
1790522408999780600,599.3507805175781,105.66380621306598,0.3070257789399959,5.956926005139069,57.64252448094638,95.07380606047809,144.80816650390625,2.763810569004016,3,39.94408378334085,6.919069782925244
1790522409999809000,600.3508090820312,105.52810520213097,0.3067246764547234,5.913807754274512,57.64247664052464,94.93810504954308,144.80816650390625,2.695571624661989,3,39.94413010869785,6.424408317741826
1790522410999792600,601.3507927246094,105.58604257088155,0.3063802932212388,5.3931904917168945,57.64243355721702,94.99604241829365,147.0442657470703,2.7075782119122467,3,39.94416535744856,5.585898092385513
1790522411999775700,602.3507756347656,105.51837918441743,0.3067314791433332,5.491588353281646,57.64240069246068,94.92837903182954,147.0442657470703,2.73449597653913,3,39.94419066454193,4.3573464951757
1790522412999807200,603.3508071289062,105.56891202554107,0.3053566245878536,4.865431615606114,57.64236979889852,94.97891187295318,146.91603088378906,2.6665132837970007,3,39.94421659787103,3.9298397488650627
1790522413999793400,604.3507934570313,105.44470813404769,0.3045870288481468,4.394589497597215,57.64234342438166,94.8547079814598,146.91603088378906,2.6304478267954323,3,39.944241140886845,3.366238060921381
1790522414999776300,605.3507763671874,105.37925587408245,0.30636131667384836,9.302599935782698,57.642329603762725,94.78925572149456,146.91603088378906,2.5603980459694093,3,39.94425631533536,1.88612714962784
1790522415999807000,606.3508068847656,105.52798167709261,0.30061657111694695,15.00472292086531,57.64232643484219,94.93798152450472,146.91603088378906,2.5960611664957978,3,39.94426089669239,0.6669398712297452
1790522416999792000,607.3507922363282,105.19147106073797,0.3013672478531053,51.08832495699045,57.64232733537222,94.60147090815008,146.91603088378906,2.5915470539826724,3,39.94425700563725,0.28007729174952206
1790522417999775700,608.3507756347656,104.84827670454979,0.3039617601284247,108.94386906212911,57.642326667202234,94.2582765519619,146.91603088378906,2.6507167958450975,3,39.944259165932735,0.2162364377973506
1790522418999807000,609.3508068847656,105.05501870624721,0.3040384474967008,145.73614443105512,57.64232657037719,94.46501855365932,146.91603088378906,2.646896060406729,3,39.94425941336736,0.16135917526831692
1790522419999838700,610.3508386230469,105.00575293693691,0.3022732056129753,180,57.64232779081378,94.41575278434902,146.91603088378906,2.7694205358698563,3,39.94426059757779,0.09644373927647629
1790522420999869700,611.3508696289063,105.18406058102846,0.30459662664069886,180,57.642327516588544,94.59406042844057,146.91603088378906,2.866619953047157,3,39.944258353985234,0.05957054230008125
1790522421999900700,612.3509006347656,105.32536609750241,0.30486355876019217,180,57.64232894978736,94.73536594491452,146.91603088378906,2.84258424171497,3,39.94425758726178,0.033852005248522846
1790522422999931100,613.3509311523437,105.5228029480204,0.30511312336379637,180,57.64233035914133,94.93280279543251,146.91603088378906,2.834919922594771,3,39.94425671478731,0.03286840924591172
1790522423999961300,614.3509614257813,105.6133563797921,0.3052311783405157,180,57.64233009299704,95.0233562272042,146.91603088378906,2.7929921802248137,3,39.94425691048697,0.016897319947295715
1790522424999991300,615.3509912109375,105.68554905243218,0.3053053653751714,180,57.642330125102774,95.09554889984429,146.91603088378906,2.8183127508597487,3,39.94425522925163,0.024427904924088046
1790522426000020200,616.3510202636719,105.74913029372692,0.30545383197114345,180,57.64233098481152,95.15913014113903,146.91603088378906,2.810023736704431,3,39.944254194183664,0.02892150569288835
1790522427000048600,617.3510485839844,105.8833215823397,0.3054129818735625,180,57.64233175295889,95.29332142975181,146.91603088378906,2.785584048646774,3,39.94425502454514,0
1790522428000077600,618.3510776367187,105.8833215823397,0.3054129818735625,180,57.64233175295889,95.29332142975181,146.91603088378906,2.7463048462144353,3,39.94425502454514,0
1790522429000106800,619.3511066894531,105.8833215823397,0.3054129818735625,180,57.64233175295889,95.29332142975181,146.91603088378906,2.720706679221117,3,39.94425502454514,0
1790522430000134700,620.351134765625,106.1467707650736,0.30501426161585005,180,57.64233634475073,95.5567706124857,146.91603088378906,2.70266345173616,3,39.94425561277431,0.03928220487843387
1790522431000163000,621.3511630859375,106.36376666929573,0.3055874663165608,180,57.642338116027524,95.77376651670784,146.91603088378906,2.688429602747668,3,39.944256133003705,0.05522854550167495
1790522432000190200,622.3511901855469,106.51898634526879,0.30554228239868825,180,57.642338190832376,95.9289861926809,146.91603088378906,2.6830433865172525,3,39.94425764255534,0
1790522433000217600,623.3512175292968,106.60286405310035,0.30542941022780196,86.29737467875651,57.64233686985656,96.01286390051246,146.91603088378906,2.6488912260528372,3,39.9442647000381,0.2755971169083137
1790522434000245000,624.3512448730469,106.56985402666032,0.3054330591784379,27.34860898048156,57.64233098964496,95.97985387407243,146.91603088378906,2.616446680422966,3,39.944272443337596,0.8750630254202874
1790522435000272600,625.3512727050781,106.59282327257097,0.30677332828444753,12.988619527127279,57.64231837783904,96.00282311998308,146.91603088378906,2.599615928615143,3,39.944290816044166,1.8732796152653817
1790522436000299500,626.3512995605469,106.58825732767582,0.3074925941968247,8.968349101491656,57.642299057753284,95.99825717508793,146.91603088378906,2.5696351491855007,3,39.94432340277672,2.7543929904513487
1790522437000327200,627.3513271484375,106.63802856672555,0.3079430582079023,7.760652029792608,57.6422771553232,96.04802841413766,146.91603088378906,2.5589927647739685,3,39.94436162584898,3.212266649421536
1790522438000354300,628.3513542480468,106.71833651140332,0.30316022901749534,7.2587158499699935,57.64225497015594,96.12833635881543,146.91603088378906,2.5725092653107913,3,39.944406092363465,3.6395508465672783
1790522439000380200,629.3513801269531,106.68193290196359,0.23829875834978229,7.243336828614343,57.642225353096414,96.0919327493757,146.91603088378906,2.5750313077512494,3,39.94446025081803,4.407263296059632
1790522440000407300,630.3514072265625,106.69302655011415,0.13839916360584908,7.21358890722011,57.64218849841279,96.10302639752626,146.91603088378906,2.5930509081598223,3,39.944520063474144,5.22096337952794
1790522441000433400,631.3514333496094,106.52517708670348,0.2880932712100208,7.255004247507178,57.64215152496103,95.93517693411559,146.91603088378906,2.5968625440198783,3,39.94457329585226,4.953485176401713
1790522442000459800,632.3514597167969,106.46427582297474,0.3080137668547517,7.258804416702047,57.64211571662952,95.87427567038685,146.91603088378906,2.6251323750266966,3,39.94462181097409,4.648445259264642
1790522443000486000,633.3514858398438,106.29988254234195,0.30792922380139864,7.247280023088152,57.64208180273194,95.70988238975406,146.91603088378906,2.6304224575184607,3,39.94466546982951,4.378435061669029
1790522444000512800,634.3515126953125,106.2158348923549,0.30795159179456333,7.248743251504103,57.64204916668138,95.62583473976701,146.91603088378906,2.601006869060778,3,39.9447026504969,4.079871733398392
1790522445000538400,635.3515383300781,106.16767820809036,0.3079518615589283,7.248530626072914,57.64201917780295,95.57767805550247,146.91603088378906,2.596007707032472,3,39.944736061396675,3.840425350744
1790522446000563700,636.3515637207031,106.05513177532703,0.3078444199100063,7.226933699544637,57.64199059288736,95.46513162273914,146.91603088378906,2.5662073183118728,3,39.94476728089119,3.611837898296164
1790522447000589800,637.35158984375,105.91994027234614,0.30761334666686174,7.903108168603526,57.641963700720474,95.32994011975825,146.91603088378906,2.6192501668283206,3,39.94479479766011,3.0883726267446834
1790522448000616200,638.3516162109376,105.86591899301857,0.30751413572219205,11.053078001651516,57.6419476332178,95.27591884043068,146.91603088378906,2.602057168202374,3,39.94481238239052,2.1869214546407747
1790522449000641300,639.3516413574218,105.78758288174868,0.30760883352764523,17.08976099622777,57.64193518663326,95.19758272916079,146.91603088378906,2.6031052904619023,3,39.94482294768807,1.4300930660011462
1790522450000667100,640.3516672363281,105.7766942596063,0.3076588932559212,25.94207126157392,57.64192420157493,95.18669410701841,146.91603088378906,2.5953093812376764,3,39.944831316789916,0.9524868676958035
1790522451000692000,641.3516918945312,105.71091338060796,0.30765737209104943,50.466854396676034,57.641920561662474,95.12091322802007,146.91603088378906,2.5808423088756416,3,39.944835579620324,0.489394942437615
1790522452000717800,642.3517177734375,105.58150257449597,0.30771951991071284,126.79668690090679,57.64191943279311,94.99150242190808,146.91603088378906,2.6655166605392653,3,39.94484008794683,0.19567795966784368
1790522453000798200,643.3517980957031,105.43481977470219,0.3076780063853716,66.32247528313204,57.64191606194921,94.8448196221143,146.91603088378906,2.6322408312418393,3,39.94483653418781,0.3736602290626246
1790522454000769300,644.3517692871094,105.46360360272229,0.30777465083153,24.734959649301725,57.64190970379237,94.8736034501344,146.91603088378906,2.637133923180921,3,39.94484640289512,1.0021157179921671
1790522455000793300,645.3517934570312,105.5444474965334,0.30801220706815946,12.480500327382599,57.6418939103882,94.9544473439455,146.91603088378906,2.649894890477388,3,39.944861489035276,1.9995051737621758
1790522456000819700,646.3518198242188,105.54534239694476,0.2803226788929399,7.96669040000337,57.641865090973354,94.95534224435687,146.91603088378906,2.6174001622333942,3,39.944888245506924,3.130348203700748
1790522457000846000,647.3518461914063,105.54303331114352,0.18366000251573655,7.219797529525335,57.64182951934768,94.95303315855563,147.3043975830078,2.595365947944537,3,39.944923585617516,4.283735636833135
1790522458000870000,648.3518698730469,105.53923495858908,0.307765882119749,7.159283486452648,57.641785654689585,94.94923480600119,147.3043975830078,2.5800190029512375,3,39.94496814905588,5.3533762958446225
1790522459000895000,649.3518950195313,105.63657573703676,0.20987074479042317,7.233612058633218,57.6417370019476,95.04657558444887,146.819091796875,2.5564674924033994,3,39.945017254839655,5.892586421643291
1790522460000920600,650.3519206542969,105.77462205011398,0.30756080327408947,7.154504321889147,57.64168838972958,95.18462189752609,146.819091796875,2.5584591710141926,3,39.945067873326124,6.2274914798605225
1790522461000945700,651.3519455566407,105.91841001715511,0.3075602209165842,7.14006116273384,57.64163600838879,95.32840986456722,146.819091796875,2.565491695325401,3,39.945124828134794,6.623126315538528
1790522462000970800,652.351970703125,106.01995238196105,0.30757500484522055,7.1520526331639855,57.64158282674866,95.42995222937316,147.54193115234375,2.6492236157953095,3,39.94518512703692,6.926846532929234
1790522463000995300,653.3519953613281,106.23084744159132,0.30733597604975704,7.058537282783225,57.64152707134133,95.64084728900343,147.54193115234375,2.597286721673224,3,39.94525076577421,7.403866481105218
1790522464001021000,654.3520209960938,106.23069805558771,0.30743259825180497,7.148578766683097,57.64147191866436,95.64069790299982,147.54193115234375,2.4817897671824283,3,39.94531891500993,7.484003997860275
1790522465001046500,655.3520466308594,106.36379485204816,0.3073738380620689,7.13579644041041,57.64141232518082,95.77379469946027,147.16079711914062,2.366987185170436,3,39.945392942169306,7.969249927439721
1790522466001071000,656.3520710449219,106.2442513005808,0.3074829764209312,7.178135900239222,57.64135075176388,95.65425114799291,147.16079711914062,2.4256081020647207,3,39.94546767912007,8.158406862578893
1790522467001096200,657.3520961914063,106.13329556118697,0.3075196243636669,7.211748189654518,57.64128890987277,95.54329540859908,149.96644592285156,2.454157867239099,3,39.9455382273133,8.085391407038275
1790522468001121300,658.3521213378906,106.02424789592624,0.09669732778969099,7.231131622146866,57.6412269932002,95.43424774333835,149.96644592285156,2.308043924610327,3,39.945609893822876,8.234230724505137
1790522469001145300,659.3521452636719,106.05658414028585,0.3074378432897474,7.17139896060477,57.64116121200617,95.46658398769796,146.92703247070312,2.3645228107428,3,39.945686306488454,8.732591025816422
1790522470001170200,660.3521701660156,105.91987685579807,0.3073774459884409,7.171424227099783,57.64109241820722,95.32987670321018,146.92703247070312,2.3502241801485173,3,39.94576688518886,8.949309443260683
1790522471001195500,661.3521955566406,105.88750516436994,0.30748869525248956,7.168153765867702,57.641022431005815,95.29750501178205,146.92703247070312,2.7363030436084395,3,39.94585165478364,9.286869345538136
1790522472001220600,662.352220703125,105.74291503801942,0.30770745188105525,7.211124315920905,57.64095351092585,95.15291488543153,146.92703247070312,2.4686435411314003,3,39.945937366073956,9.27104484587715
1790522473001245700,663.3522456054687,105.66194747481495,0.14221743842105655,7.231218859797613,57.64088614740749,95.07194732222706,146.72389221191406,3.034633241532049,3,39.946023093093046,9.147399026186976
1790522474001270300,664.3522702636719,105.61682889424264,0.22710606301391856,7.240750014472092,57.64081860279476,95.02682874165475,146.99769592285156,2.8016968427580804,3,39.94610783971184,9.018415376750852
1790522475001295400,665.3522954101562,105.49635134264827,0.26711007206355825,7.252662506945714,57.64074884440753,94.90635119006038,146.99769592285156,3.121010612860206,3,39.94619159171602,9.06277699740427
1790522476001319700,666.3523195800781,105.49760621786118,0.2997164854954131,7.25878920091078,57.64068017968529,94.90760606527328,146.84326171875,3.3120738645885437,3,39.94627939589934,9.20516290283861
1790522477001345000,667.3523449707031,105.73551177419722,0.24139668546447726,7.241601963292646,57.64060916564467,95.14551162160933,146.84326171875,2.9763096412353383,3,39.946360940746004,9.12107761216256
1790522478001369000,668.352369140625,105.91798956040293,0.24770208830142323,7.240742861747126,57.64054186277804,95.32798940781504,146.84326171875,2.616514444260311,3,39.946443596208944,8.826034805430375
1790522479001394700,669.3523947753906,105.98581192921847,0.27236037217133013,7.252121986176214,57.64047819104723,95.39581177663058,146.84326171875,2.617527820814852,3,39.946524863652115,8.54924689129265
1790522480001419500,670.3524194335937,106.14632332324982,0.2675034806524001,7.253044122931325,57.64041545949395,95.55632317066193,146.84326171875,2.4036297819498436,3,39.946607164805684,8.399934762570753
1790522481001444600,671.3524445800781,106.14451610390097,0.30647638641764474,7.258963462411761,57.64035001366389,95.55451595131308,145.1183319091797,2.40698447126941,3,39.94669104752281,8.629359541828446
1790522482001468700,672.35246875,106.42404602561146,0.2868628184926398,7.256482761036625,57.640283336226894,95.83404587302357,145.1183319091797,2.2657607690045687,3,39.94677498395959,8.87122922826599
1790522483001493800,673.3524936523437,106.66718107648194,0.2697475065829987,7.249142916173356,57.64021699185913,96.07718092389405,145.1183319091797,2.1715375253279117,3,39.94685410344339,8.662022641906303
1790522484001518300,674.3525183105469,106.75751899462193,0.2531985438114112,7.235011903282113,57.64015342403452,96.16751884203404,145.1183319091797,2.1282556914376562,3,39.94692866279707,8.62950933289513
1790522485001542700,675.3525427246094,106.92550618108362,0.2422630174981518,7.220577840469014,57.64008964226211,96.33550602849573,145.1183319091797,2.580332514517246,3,39.947007614866465,8.789627309075538
1790522486001567500,676.3525673828125,107.2074459278956,0.1142851584138554,7.135538722991881,57.64002202334661,96.61744577530771,145.1183319091797,2.727927038500889,3,39.947090397589726,9.042720542342247
1790522487001592300,677.3525922851562,107.12996166571975,0.20703545781579238,7.205559389832818,57.639955210388386,96.53996151313186,145.1183319091797,2.878941964454182,3,39.94717656220681,8.921695395668356
1790522488001616600,678.3526166992187,107.45815990585834,0.1916016899059757,7.1581024917640885,57.639891584987694,96.86815975327045,145.1183319091797,2.9585757804552353,3,39.947276300443946,9.045679363356633
1790522489001641700,679.3526418457031,107.07805276941508,2.716513554263512,24.350535157844423,57.639821532860864,96.48805261682719,146.57577514648438,3.0531470856847513,3,39.94735589941783,9.03918185901641
1790522490001667000,680.3526669921876,107.11594345141202,2.7163113932447467,23.520191167672618,57.639751322992666,96.52594329882413,146.57577514648438,2.88068842714304,3,39.947452884107044,9.356911027988893
1790522491001691600,681.3526916503906,107.04486821684986,2.7140873082647703,23.173010689421922,57.639685843219844,96.45486806426197,146.57577514648438,3.1021037579407795,3,39.94755299717173,9.489460324311455
1790522492001716200,682.3527163085937,107.04268847219646,2.709469749227648,23.14019164356096,57.63961613892072,96.45268831960857,146.57577514648438,3.8849612595088416,3,39.947648987657985,9.486440151220052
1790522493001740500,683.3527404785157,107.01759457960725,2.7092123498191683,22.649930582954287,57.639540490077245,96.42759442701936,146.57577514648438,3.7256180321996246,3,39.94773800867995,9.69180234268412
1790522494001765400,684.3527653808594,106.90695262793452,2.71080955014093,22.885398604404436,57.63946518103729,96.31695247534662,146.57101440429688,3.1824587919230503,3,39.94782400960948,9.597651745195755
1790522495001789700,685.3527897949218,106.78721885476261,2.7040402054469297,23.37195834177741,57.63939443586794,96.19721870217472,148.7054901123047,2.940120879654771,3,39.947907180047274,9.374508116457584
1790522496001814800,686.3528146972657,106.61333958338946,2.703716716015942,24.05031292375937,57.63932603421587,96.02333943080157,148.7054901123047,2.9070924461943335,3,39.947987837297866,9.109069137722745
1790522497001839600,687.3528395996094,106.24221246689558,2.7029466331452574,24.61642502705113,57.63925848765739,95.65221231430769,147.68765258789062,2.782023710662678,3,39.948064757532954,8.896941883445683
1790522498001865000,688.3528649902344,106.20939570106566,2.7029994042658747,25.235212481437706,57.639197829068046,95.61939554847777,146.70916748046875,3.0434853241161597,3,39.94814501592692,8.679014173037265
1790522499001889300,689.3528891601562,106.08269430976361,2.7047765314531382,25.771060222455336,57.639137735134085,95.49269415717572,146.70916748046875,2.691110405953215,3,39.94822639563426,8.504260506482577
1790522500001913300,690.3529133300781,106.23413602821529,2.7019182334227816,25.832963492040346,57.63907666290543,95.6441358756274,146.70916748046875,2.850980841957186,3,39.94830685746306,8.474649131775768
1790522501001939000,691.3529389648437,106.22672823444009,2.709750521319768,26.42729380555188,57.63901524936947,95.6367280818522,146.70916748046875,2.8736758308874384,3,39.948384403341436,8.308153202686574
1790522502001963300,692.3529633789062,106.32941702660173,2.704921865116215,27.251584365716962,57.63895721352099,95.73941687401384,146.70916748046875,3.7795267976305533,3.045338520272183,39.94845962217511,8.042389603899267
1790522503001987600,693.3529875488281,106.57259906083345,2.704550012990983,28.517844692918494,57.63890128647627,95.98259890824556,146.70916748046875,3.913442249301126,3.0982686138634117,39.948531990800504,7.683772121177258
1790522504002012400,694.3530124511718,106.72703792434186,2.7050621925067757,30.16010231513277,57.63884915178933,96.13703777175397,146.70916748046875,5.065302983772277,3.9669680072298084,39.948597063406815,7.266034452391725
1790522505002037000,695.353037109375,106.92799827922136,2.7034971086116193,31.756597396359197,57.638800256698325,96.33799812663347,146.70916748046875,4.903078961181131,3.8629208798718535,39.948650978036085,6.896158053206332
1790522506002061300,696.3530612792969,107.00154548045248,2.7021299982637594,33.45388602686573,57.63875130500125,96.41154532786459,146.70916748046875,5.118830412701053,3.941915182196615,39.94869941333079,6.541291289011816
1790522507002086700,697.3530866699218,106.99515411257744,2.704059404943272,36.131411647939764,57.63870279390024,96.40515395998955,146.70916748046875,4.594087500504228,3.4802790834390187,39.9487437221725,6.0611266563373345
1790522508002111000,698.3531110839843,106.80897184181958,2.704167495454564,40.741249700185726,57.63866179168044,96.2189716892317,146.6688995361328,4.888033319145698,3.610027668547701,39.948785352908175,5.376399286433469
1790522509002135300,699.3531352539062,107.14056264795363,2.7026720795231762,47.6761652244651,57.6386251130581,96.55056249536574,146.6688995361328,5.025687033019509,3.6152777908922555,39.9488176147926,4.585603403671486
1790522510002159900,700.3531599121094,107.08686798717827,2.7008574291957808,59.49952067804972,57.6386008510356,96.49686783459038,146.6688995361328,5.183459904366987,3.6497293853815203,39.94885227654548,3.671613274555998
1790522511002185200,701.3531853027343,107.13270333223045,2.7072272393025325,91.33602163760234,57.638591642131345,96.54270317964256,146.6688995361328,5.3989094684478465,3.79443302059369,39.94887596252689,2.3786766937059642
1790522512002209500,702.3532094726562,106.9064776878804,3.804125767629401,180,57.63858309219826,96.3164775352925,146.6688995361328,5.333026126482957,3.640193762540172,39.94887856361203,0.9146307247079539
1790522513002233900,703.3532338867187,106.85083563439548,4.048360539306025,180,57.63858377034568,96.26083548180759,146.6688995361328,5.598948095251843,3.8079844317417435,39.948870056772776,0.02993666057045198
1790522514002259200,704.3532592773438,107.14331313688308,4.059243290445157,180,57.638582469443755,96.55331298429519,146.6688995361328,5.754531804759638,4.054260471935813,39.948865568675835,0.08180187400912727
1790522515002283000,705.3532829589843,107.15743659995496,4.0605559828998326,180,57.63858292374956,96.56743644736707,146.6688995361328,5.625913376053848,3.959752675499491,39.948865007434264,0
1790522516002308400,706.3533083496094,107.09166249446571,4.060817151301483,180,57.6385773320416,96.50166234187782,146.6688995361328,5.514322901988852,3.889618934472497,39.94886182125746,0.10616532240396534
1790522517002333200,707.3533332519531,106.9536784728989,4.063829471514482,180,57.63857817469729,96.36367832031101,146.6688995361328,5.674677443607155,4.004934593940394,39.94886212133245,0
1790522518002358000,708.3533579101562,106.9536784728989,4.059323612704029,180,57.63857817469729,96.36367832031101,146.6688995361328,5.4909328153526795,3.896763270555032,39.94886212133245,0
1790522519002381800,709.3533818359375,107.01425350923091,3.7531139304809193,180,57.63857391439589,96.42425335664302,146.6688995361328,5.491079685840422,3.8770464963809697,39.94886093886116,0.07796569549121105
1790522520002406700,710.3534067382813,107.25466226320714,3.7512595208824604,180,57.63857348846467,96.66466211061925,146.6688995361328,5.380990412913012,3.8108517976167757,39.9488480471823,0.06481555223553634
1790522521002431200,711.3534311523438,107.53771081380546,3.7325702960869824,180,57.63857070943826,96.94771066121757,146.6688995361328,5.40462941281348,3.865635339395696,39.94884424139562,0.0957914050282579
1790522522002456300,712.3534562988282,107.51886750478297,3.749445865047349,180,57.63857000432946,96.92886735219508,146.6688995361328,5.417216516769666,3.8855008282864016,39.94884397119242,0.08298026208824538
1790522523002480600,713.3534807128906,107.46325596235693,3.74209072472943,180,57.63857064807623,96.87325580976903,146.6688995361328,5.387648825326508,3.869072152941069,39.948843525846485,0.07370031099340422
1790522524002505700,714.3535056152343,107.57025274075568,3.751732344493531,180,57.63857122526033,96.98025258816779,146.6688995361328,5.383418408918694,3.864905588139896,39.94884429674506,0.07762107826527351
1790522525002529500,715.3535295410156,107.4321748483926,3.730966132090567,180,57.6385719989626,96.84217469580472,146.6688995361328,5.422265792709176,3.893482479742214,39.94884401553236,0.061982867561529834
1790522526002554400,716.3535544433594,107.44806866627187,3.7406807412977803,180,57.638572288558755,96.85806851368397,146.6688995361328,5.443013662659926,3.9014383907258283,39.94884356961083,0
1790522527002579700,717.3535798339843,107.40612652897835,3.7403904178537792,180,57.63856868754152,96.81612637639046,146.6688995361328,5.4515573360863305,3.888977133901196,39.94884310850497,0.22327956478873218
1790522528002603800,718.3536037597656,107.38227028213441,3.7616925087150173,180,57.638561819943725,96.79227012954652,146.6688995361328,5.518866125117771,3.9005953976009815,39.94885082226348,0.7921099238610462
1790522529002628900,719.35362890625,107.47647492866963,3.7393265191286584,168.0590991044545,57.638544579540515,96.88647477608174,146.6688995361328,5.595832897446988,3.9840869279518394,39.94886777443681,1.8008493212545267
1790522530002653200,720.3536530761719,107.46167143341154,2.534702859352568,87.9157660136758,57.638526326156104,96.87167128082365,146.6688995361328,5.63466780867059,4.133582113909835,39.94889592351903,2.321608859650357
1790522530999964200,721.3509641113282,107.44443267025054,2.519803590197237,80.02863313983087,57.63850906975883,96.85443251766264,146.6688995361328,5.613983495154258,4.30418720651811,39.94892211087102,2.48740279709855
1790522531999959000,722.350958984375,107.32869005482644,2.493475205937305,71.05799520338763,57.638490565473234,96.73868990223855,146.6688995361328,5.62722520547035,4.473199745088962,39.948954745612646,2.760816469394088
1790522532999984000,723.3509841308594,107.20880285929888,2.408595500847118,55.83519437652471,57.63846663194149,96.618802706711,146.6688995361328,5.718291324380419,4.598226975361111,39.948993096546204,3.4747192515152068
1790522533999982800,724.3509829101563,107.298413827084,2.3130266381904794,42.467311572093735,57.63843563259795,96.70841367449611,146.6688995361328,5.6785736130252875,4.594502158678212,39.949041198375745,4.361237352054234
1790522534999979500,725.3509794921875,107.23214712738991,2.193019900552995,33.0789368336059,57.638396476016325,96.64214697480202,146.6688995361328,5.6691365730259555,4.554842806427393,39.949102879461556,5.371471927666787
1790522536000005600,726.3510056152344,107.36350926570594,2.114071283700585,28.13654292545119,57.63834943628175,96.77350911311805,146.6688995361328,5.607509361147194,4.443445383386127,39.94916840138481,6.079102959155296
1790522537000004400,727.3510043945313,107.32240206096321,2.1402176367548256,30.17314708006059,57.6383094290557,96.73240190837532,146.6688995361328,5.454460946823002,4.382158552380064,39.94922841508661,5.737530352707367
1790522538000001800,728.3510017089844,107.3277591895312,2.153224601750812,30.463736200776456,57.638268364956616,96.73775903694332,146.6688995361328,5.36332580634823,4.30729389817415,39.94928794963461,5.707229010985182
1790522539000027600,729.3510275878906,107.53673920873553,2.1446998585532167,29.41542769729861,57.63822915456803,96.94673905614763,146.43710327148438,5.2469812928170425,4.270663531048183,39.949349967295085,5.905095774114379
1790522540000024300,730.3510244140625,107.40779968909919,2.1434349642649937,30.05410063571903,57.63818903623465,96.8177995365113,146.43310546875,5.198531464379116,4.215026461775818,39.94940985452643,5.776662417670051
1790522541000020500,731.3510205078124,107.41434649843723,2.1189428703203133,28.248948206764076,57.638144311714846,96.82434634584934,146.43310546875,5.053258021573916,4.168604458555318,39.94947040924551,6.076566587773605
1790522542000046300,732.3510463867187,107.38143796473742,2.1035014873674496,27.069646393342897,57.638096614535485,96.79143781214952,146.43310546875,4.950099654319211,4.197818478658394,39.9495270238153,6.294808775578115
1790522543000034800,733.3510349121094,107.2438828619197,2.0841783567843635,25.93724291773856,57.63804844523107,96.65388270933181,145.87677001953125,4.8549363110099515,4.1516979612202505,39.949588300148854,6.508591077776606
1790522544000029000,734.3510288085937,106.91081470437348,2.0529254209354972,24.50466278886063,57.63799847511659,96.32081455178559,145.91563415527344,4.817860619843352,4.16552764685292,39.949653433259854,6.760750234846413
1790522545000052500,735.3510524902343,106.88772978167981,2.056896575791257,24.543322503496274,57.63794830008549,96.29772962909192,145.91563415527344,4.446836162125532,3.8495337360732345,39.9497182494402,6.789491934092462
1790522546000077000,736.3510771484375,106.92992273624986,2.0361015902900053,23.193144676837818,57.63789489132556,96.33992258366197,145.91563415527344,4.066589151370972,3.5360718639506534,39.94978336187514,7.108238218495442
1790522547000101000,737.3511010742187,106.89629882480949,2.0140942364591936,22.233395748365588,57.637840241339354,96.3062986722216,145.91563415527344,3.7972510996503233,3.2708857904565436,39.949849620390495,7.338920906089176
1790522548000125000,738.351125,106.91231933794916,2.0021526046432796,21.711497290669218,57.63778527468033,96.32231918536127,145.91563415527344,3.5700655232251006,3.0955567319070405,39.94991921258331,7.469329373816888
1790522549000149800,739.3511496582031,106.89993948210031,1.9910400670434998,21.28136854774987,57.63772948927795,96.30993932951242,145.91563415527344,3.2709968497959743,3,39.949988700128856,7.5734031587292945
1790522550000173000,740.3511730957031,106.80680347327143,1.9879119300830688,20.909149373820743,57.63767235468267,96.21680332068354,145.9607696533203,2.9772460377878973,3,39.950061256532834,7.670596603964549
1790522551000199000,741.3511989746094,106.86260915733874,1.963654568258768,19.685981300199433,57.637612425612694,96.27260900475085,145.9607696533203,2.711394084731202,3,39.95013776523914,8.080280836212177
1790522552000222200,742.3512221679688,106.74564919341356,1.9434077423078242,18.23974193760842,57.63754872934956,96.15564904082566,145.9607696533203,2.5038416129715295,3,39.95022236516963,8.632577583008022
1790522553000246800,743.3512468261719,106.71845078002661,1.9103860878354584,17.12530644600604,57.63747812662599,96.12845062743872,145.9607696533203,2.823091957678404,3,39.95030401256795,9.037490833213425
1790522554000271400,744.3512712402344,106.50410723872483,1.8872670760665664,16.004754327186642,57.637408937685144,95.91410708613694,145.6272735595703,2.6238861573499586,3,39.95039907231607,9.55411942331724
1790522555000295700,745.3512956542969,106.47309386078268,1.8657615236071865,14.991651335826443,57.637332278702964,95.88309370819479,146.0855255126953,2.6251105609654415,3,39.95049349523635,10.082632680061048
1790522556000320000,746.3513200683594,106.31431973725557,1.846769828145665,14.482814155052349,57.63725193922599,95.72431958466768,146.0855255126953,2.8623930517782066,3,39.950586159627804,10.32883208699749
1790522557000344800,747.3513447265625,106.101812412031,1.8428035917983632,14.266731170865395,57.63717597336389,95.5118122594431,148.14364624023438,2.837737818383721,3,39.9506852702474,10.435947820469215
1790522558000369400,748.3513693847656,106.13527907151729,1.8318644978176464,13.740238758279053,57.63708608741038,95.5452789189294,145.13739013671875,2.9414290162468286,3,39.950760388688,10.800559605133339
1790522559000393700,749.3513937988281,105.62879673298448,0.30791471194577824,7.251921056771601,57.63701534433157,95.03879658039659,145.13739013671875,3.1244873675207936,3,39.95088834116994,10.9443546799483
1790522560000418600,750.3514184570313,105.51429171394557,0.3079926020529517,7.25753013580959,57.63693623738148,94.92429156135768,145.13739013671875,3.23445070882233,3,39.950989692811014,10.786561815312572
1790522561000443400,751.351443359375,105.30616532638669,0.30799372317739904,7.257561849472256,57.63684728835066,94.7161651737988,145.13739013671875,3.258576012220972,3,39.951069503889485,10.81406987385225
1790522562000467200,752.3514672851562,105.1752711487934,0.30799086275936244,7.257290339354215,57.63676469352918,94.58527099620551,145.13739013671875,3.116526410415568,3,39.95117075310821,10.866933626566992
1790522563000492000,753.3514919433594,104.98795155994594,0.30798487241425554,7.256735701925326,57.63668140535556,94.39795140735805,145.13739013671875,3.5741557348001445,3,39.95127087200072,10.919639072520223
1790522564000516400,754.3515163574219,104.88879491016269,0.30798097308527167,7.256278270690597,57.636598427621934,94.2987947575748,145.16900634765625,2.863477516669078,3,39.95137331577365,11.0311788773402
1790522565000541200,755.3515412597657,104.76424375642091,0.3080121847554905,7.2586590450959685,57.63651226981359,94.17424360383302,145.16900634765625,2.7100418860859623,3,39.95147984557157,11.375633153569105
1790522566000565500,756.3515654296875,104.61152736004442,0.30801570970744824,7.25897392195869,57.63642320207005,94.02152720745653,145.16900634765625,2.7768892052217375,3,39.95159089180428,11.641201334292669
1790522567000590800,757.3515908203125,104.6547612156719,0.26033346757362763,7.2566853399476186,57.636333167835446,94.064761063084,145.16900634765625,2.854903895329107,3,39.951701058161696,11.924610934542164
1790522568000615700,758.3516157226562,104.65883363317698,0.20880608704426845,7.2531805002102665,57.63624075466401,94.06883348058909,145.17491149902344,3.0781908181098037,3,39.95181236489187,12.26771583706362
1790522569000640300,759.3516401367187,104.51514716912061,0.2262276693908363,7.251604121682632,57.63615070012437,93.92514701653272,146.33534240722656,3.012607295993126,3,39.95192381870359,12.05192931429493
1790522570000664300,760.3516643066406,104.40590895339847,0.24475499771040773,7.253184522477531,57.636058320682324,93.81590880081058,146.81105041503906,3.2557307815104455,3,39.95204159609729,12.225982916523911
1790522571000690000,761.3516899414062,104.46565853897482,0.20638687220950938,7.2401642937805395,57.63596568667984,93.87565838638693,146.81105041503906,3.260761881823219,3,39.952155599,12.344711920913012
1790522572000714200,762.3517143554687,104.43374303448945,0.13959790015061402,7.234528008297835,57.635872016458265,93.84374288190156,146.3702392578125,3.027110446885311,3,39.95226871477608,12.476882385760218
1790522573000738000,763.3517380371094,104.28980516921729,0.206653759641145,7.243743582204167,57.63578021097194,93.6998050166294,146.7114715576172,3.372043146709738,3,39.952381031420416,12.247475494174747
1790522574000763100,764.3517631835938,104.40707242768258,0.21462791488030972,7.235335834051933,57.63568739803505,93.81707227509469,146.7114715576172,3.9511450372657335,3,39.95249530475598,12.291708599609217
1790522575000787200,765.351787109375,104.35639166459441,0.23226976890727147,7.237143297655916,57.6355973730261,93.76639151200652,146.66131591796875,3.53597530874659,3,39.952606528405056,12.176401380045183
1790522576000812000,766.3518120117187,104.36119574867189,0.24518516298947277,7.242570035383653,57.635506912024375,93.771195596084,146.6979217529297,2.798884305745402,3,39.95271835490141,12.069567398353465
1790522577000838000,767.351837890625,104.38618397712708,0.2509872985621367,7.244452526585149,57.63541800983663,93.79618382453918,146.6979217529297,3.027403024680298,3,39.952824831304305,11.874336774185318
1790522578000862200,768.3518623046875,104.27742796577513,0.27166113675824544,7.253701653942559,57.635328762342624,93.68742781318724,149.05889892578125,2.8202211788907037,3,39.95292577006562,11.899534665144468
1790522579000886800,769.35188671875,104.13005926273763,0.29903552276864503,7.258676615271389,57.63523804161303,93.54005911014974,148.57765197753906,2.7041037578620335,3,39.95302516379361,11.775954612594388
1790522580000911400,770.3519113769531,104.16420780494809,0.30801536218821784,7.258921255767485,57.63514673295372,93.5742076523602,149.16526794433594,3.030627308206089,3,39.95312880336428,11.8822360734993
1790522581000936400,771.3519365234375,103.92285027168691,0.3080098429310623,7.257862565191847,57.635054322550594,93.33285011909902,149.16526794433594,3.359787619229011,3,39.95322820332916,12.030240917755723
1790522582000960500,772.3519604492187,103.62174252886325,0.307790231474448,7.218468816013032,57.63496404069667,93.03174237627536,149.16526794433594,2.9077196876997835,3,39.95332323121995,11.690164748821093
1790522583000985300,773.3519853515625,103.50411569140851,0.30765953081211295,7.198996256157273,57.634870130569894,92.91411553882062,152.94442749023438,2.482194918949524,3,39.953420591003244,11.822043221397212
1790522584001010200,774.3520102539062,103.52953828219324,0.30781340457973494,7.224703543978541,57.63477814662815,92.93953812960535,152.77145385742188,2.6089356237870516,3,39.95351194633688,11.801389646679656
1790522585001035300,775.35203515625,103.45888928510249,0.30784127855213567,7.22944786817358,57.63468303444207,92.8688891325146,152.77145385742188,3.10523591495486,3,39.95360291265117,11.779909217769116
1790522586001060400,776.3520603027343,103.38403206225485,0.30776489483210506,7.208581671361156,57.6345873199512,92.79403190966696,153.47958374023438,2.73154819881769,3,39.953695010658244,11.75355061827839
1790522587001084400,777.3520844726562,103.54158785939217,0.3079720457078951,7.249706993188567,57.634492203236746,92.95158770680428,155.38992309570312,2.384810970508237,3,39.95378917158572,11.868674072264271
1790522588001109200,778.3521091308594,103.80920479167253,0.30800694722889305,7.257143283378758,57.63439835641143,93.21920463908464,156.7060089111328,3.107181955136062,3,39.95388028922779,11.766308736299116
1790522589001133800,779.3521337890625,103.62479285337031,0.30791424586846255,7.23559560972925,57.634305394088706,93.03479270078242,156.45474243164062,3.797785260974817,3,39.95396724708068,11.61101143845658
1790522590001158700,780.3521586914062,103.6759457970038,0.3078983366467833,7.221650885431795,57.63421263659029,93.08594564441592,156.45474243164062,2.9621017282890003,3,39.95405073921633,11.694793440574282
1790522591001183700,781.3521838378906,103.61640481743962,0.30778453689534285,7.183233201613218,57.63411981969291,93.02640466485173,153.32296752929688,3.0385813751976043,3,39.954130023504064,11.458646906267756
1790522592001208300,782.3522082519531,103.6612668223679,0.307765577642381,7.178462710350551,57.634026942850454,93.07126666978002,153.32296752929688,2.990639870610279,3,39.954208666827384,11.535558650278771
1790522593001233700,783.3522336425781,103.67833007033914,0.3078196279411031,7.1879433386210625,57.63393576036473,93.08832991775125,158.5632781982422,3.3864077748004964,3,39.95428211012527,11.274893863147062
1790522594001258000,784.3522580566406,103.69835961703211,0.3077579794424704,7.17720879983052,57.63384743544975,93.10835946444422,158.5632781982422,3.360753662897156,3,39.95435193909555,11.000319825918258
1790522595001282300,785.3522822265625,103.62736886925995,0.30772037464497787,7.224967656058266,57.633755378798796,93.03736871667206,158.5632781982422,3.9536071743515717,3,39.9544195827913,10.914826725118193
1790522596001307400,786.3523073730469,103.67139766179025,0.30779026709518625,7.242648538166157,57.63366497625313,93.08139750920236,158.5632781982422,3.6106391658652215,3,39.95448611729432,10.783657255198884
1790522597001331700,787.3523317871094,103.72959190513939,0.30780634507568466,7.247010627014067,57.63357656321584,93.1395917525515,158.58546447753906,2.999624982309549,3,39.954553579948474,10.558792931354983
1790522598001357300,788.352357421875,103.88682460412383,0.3079511396572159,7.256113058664699,57.63348852394731,93.29682445153594,158.58546447753906,2.9876125733634207,3,39.95462056336717,10.534319142718132
1790522599001382000,789.3523818359375,103.77337363734841,0.3078892492246668,7.254319115313367,57.63340335753566,93.18337348476052,158.58546447753906,3.162443332611722,3,39.95468559902713,10.157617176943354
